Country,1.3.1b) Biosecurity laws on facility security for especially dangerous pathogens,1.2.3a) Annual reporting to OIE on zoonotic disease incidence,3.6.1a) Percentage of households with Internet,3.1.1c) Vulnerable populations in national public health emergency response plan,6.1.6a) Government territorial control,5.3.1d) Extent of UNSCR 1540 implementation on public health emergencies,"6.2.1a) Adult literacy rate (15+ years old, both sexes)",2.1.2a) Participation in a regional or international lab network,1.5.1b) National law/regulation on oversight of dual use research,4.3.2a) Government prioritisation of care for healthcare workers during response,6.1.3a) Risk of social unrest,1.1.1c) National environmental surveillance for AMR residues/organisms,1.2.2a) Surveillance/reporting mechanism for zoonotic disease for livestock owners,6.5.3a) Domestic general government health expenditure per capita (PPP),2.2.2b) Collection of ongoing/real-time lab data by electronic surveillance system,2.2.3a) Availability of de-identified health surveillance data on disease outbreaks,2.2.1a) Evidence of ongoing event-based surveillance and analysis,1.2.1a) Laws/plans on zoonotic disease,3.7.1b) Alignment of movement restrictions with WHO/OIE regulations/recommendations,"1.4.2a) Biosafety training using a standardised, required approach",1.3.1a) Updated national records of especially dangerous pathogen/toxin inventories,1.4.1b) Agency for enforcement of biosafety laws/regulations,4.2.1a) Existence of MCM stockpiles or procurement agreements for emergency access,6.2.3a) Poverty headcount ratio at $1.90 a day (2011 PPP) (% of population),3.5.2a) Government use of media platforms to share info on public health emergencies,5.6.1c) Evidence of non-sharing of pandemic pathogen samples during an outbreak,1.1.1b) Capacity of national lab/lab system to test for AMR priority pathogens,2.2.4a) Safeguards for confidentiality of identifiable health information,4.4.1b) Inclusion of public and private sector in healthcare communication system,2.1.3a) Existence of an accredited national lab serving as a reference facility,3.7.2b) Alignment of airline restrictions with WHO/OIE regulations/recommendations,BG2) GDP per capita (US$),5.1.1a) Submission of IHR reports to the WHO in past year,6.5.1a) Total life expectancy (years),1.1.1a) National plan for AMR priority pathogens,3.7.2a) Restrictions by airlines headquartered in country due to disease outbreak,6.1.1a) Government effectiveness (EIU score),6.3.3a) Adequacy of power network,4.2.3a) Plan to receive foreign health personnel during a public health emergency,2.2.4b) Inclusion of cyber protections in health data confidentiality law/regulation,3.3.1b) Requirement for EOC to conduct/evidence EOC conducts at least annual drills,4.1.1c) Updated health workforce strategy to address human resource shortfalls,4.2.2a) Plans for dispensing MCMs for national use during a public health emergency,2.1.1a) Capacity of national lab system to conduct 5 or more WHO core tests,5.5.1b) National budget to address gaps identified in PVS assessment or gap analysis,2.2.5b) Public health system access to individual electronic health records,5.4.2a) Completion and publication of PVS report (past five years),1.5.1c) Existence of agency responsible for oversight of dual use research,5.3.1c) Submission of UNSCR 1540 reports,1.2.2c) Wildlife zoonotic disease surveillance,2.2.1b) Evidence of reporting a potential PHEIC to the WHO (last 2 years),4.3.1b) Access to skilled birth attendants (% of population),6.2.4a) Public confidence in government,4.6.1a) Requirement for ethical review before beginning a clinical trial,2.1.3b) External quality assurance of a national lab serving as a reference facility,3.6.4a) Gender gap in access to the Internet (percentage points),6.4.3a) Natural disaster risk,1.1.2b) National law(s) requiring prescription for antibiotic use (animals),6.4.2a) Change in forest area (percentage points),3.5.1a) Risk communication plan for specific use during a public health emergency,4.3.1a) Existence of enacted law(s) mandating universal healthcare coverage,5.4.2b) Completion and publication of PVS gap analysis (past five years),4.4.1a) Existence of system for communication during a public health emergency,1.5.1a) Evidence of national assessment of dual use research,2.2.2c) National commitment to share surveillance data with regional neighbours,"2.3.2a) Evidence of at least 1 trained field epidemiologist per 200,000 people","1.2.4b) Number of veterinary para-professionals per 100,000 people",5.5.3a) Commitments to improve domestic or foreign capacity for epidemic threats,BG4) Human Development Index (2018),2.3.1a) Access to field epidemiology training program in country and/or abroad,3.3.1a) Existence of Emergency Operations Centre (EOC),1.1.2a) National law(s) requiring prescription for antibiotic use (humans),3.7.1a) Restrictions on movement and/or exports/imports due to disease outbreak,2.2.5a) Common usage of electronic health records,1.2.2b) Laws/regulations on data confidentiality to protect livestock owners,1.3.4a) National transport regulations for Category A and B infectious substances,2.1.1b) Protocols to procure laboratory needs for Ministries of Health/Agriculture,5.5.3b) Investments to improve domestic or foreign capacity for epidemic threats,BG10) SDG Index score (2018),5.4.1b) Completion and publication of a NAPHS or GHSA roadmap,4.6.1b) Expedited approval for clinical trials of unregistered MCMs during epidemics,6.4.1a) Urban population (% of total population),3.5.2b) Inclusion of different population & sector needs in risk communication plan,6.1.5a) Presence or risk of armed conflict,BG7) Global Peace Index,4.5.2a) Evidence of national public health system monitoring and tracking of HCAIs,6.1.7a) International disputes/tensions,6.1.2a) Orderly transfers of power,2.1.2b) Existence of nationwide specimen transport system,1.4.1a) Biosafety laws/regulations,4.6.2b) Expedited approval for human MCMs during public health emergencies,"BG6) UN E-Government Survey, Onlines Services Index score (2018)",2.2.2a) Electronic national and sub-national reporting surveillance system,"5.5.1a) National budget to address gaps identified in JEE, NAPHS or GHSA roadmap","1.3.2a) Biosecurity training using a standardised, required approach",1.5.2a) Requirement to screen synthesised DNA against list prior to sale,3.1.1a) National emergency response plan for diseases with pandemic potential,4.5.1a) Plan to address routine and public health emergency PPE supply issues,"6.2.5a) Robust, open, diverse local media and reporting",1.3.3a) Personnel checks for permission to access to especially dangerous pathogens,6.5.2a) Access to potable water,6.5.2b) Access to at least basic sanitation facilities,BG5) EIU Democracy Index: Overall score (2019),2.4.1a) Mechanisms for ministries to share animal/human/wildlife surveillance data,1.2.1c) Cross-ministerial department/agency/unit for zoonotic disease,"4.3.1c) Out-of-pocket health expenditures per capita, PPP (current international $)",4.6.2a) Existence of agency responsible for approving new human MCMs,5.4.1a) Completion and publication of JEE (or GHSA pilot external assessment) report,5.3.1a) Biological and Toxin Weapons Convention status,3.6.2a) Mobile-cellular telephone subscriptions per 100 inhabitants,1.2.1b) Laws/plans for surveillance & control of multiple zoonotic pathogens,2.2.5c) Existence of data standards for health record data comparability,6.3.2a) Adequacy of airports,"1.2.4a) Number of veterinarians per 100,000 people",5.3.2a) Membership in global health security and/or biological weapons agreements,3.6.3a) Gender gap in access to a mobile phone (percentage points),3.4.1a) Joint exercise/procedures for potential deliberate biological events,4.1.2b) In-country capacity to isolate patients with highly communicable diseases,3.2.1a) Completion of biological-focused IHR exercise with the WHO in past year,1.3.5a) Laws/regulations on cross-border transfer and end-user screening,1.3.1d) Consolidation of especially dangerous pathogens into minimum # of facilities,5.2.1a) Existence of public health emergency agreements with regional neighbours,1.6.1b) Availability of vaccination figures for livestock (FMD) through OIE database,2.3.1b) Existence of field epidemiology training for animal health professionals,"4.1.1a) Doctors per 100,000 people","4.1.2a) Hospital beds per 100,000 people",1.3.1e) Capacity to conduct tests for anthrax/Ebola without culturing live pathogens,1.6.1a) Immunisation rate for humans (measles/MCV1),5.6.1a) Sharing of genetic/biological data and materials beyond influenza,5.3.1b) Submission of CBMs to the Biological and Toxin Weapons Convention,6.1.4a) Risk of terrorism,BG9) Human Capital Index score (2017),BG1) Overall GDP (US$bn),1.3.1c) Agency for enforcement of biosecurity laws/regulations,3.1.2a) Mechanism to engage private sector in outbreak preparedness/response,5.2.1b) Existence of animal health emergency agreements with regional neighbours,5.1.2a) Existence of specific risk reduction strategies for epidemics and pandemics,5.5.2a) Emergency public financing during a public health emergency,6.2.2a) UNDP Gender Inequality Index score,3.1.1b) National public health emergency response plan updated in past 3 years,"4.1.1b) Nurses and midwives per 100,000 people",BG8) Corruptions Perception Index score (2018),6.3.1a) Adequacy of road network,6.5.1b) HAQ Index frontier score,3.2.1b) Evidence of bio-focused exercise to identify gaps/best practices,3.3.1c) EOC activation within 120 minutes of identification of emergency/scenario,5.6.1b) Evidence of non-compliance with sample sharing element of PIP framework,3.1.1d) Existence of public pandemic influenza preparedness plan updated since 2009,BG3) Population (m),1.2.5a) Inclusion of private sector in national plan/law on zoonotic disease
India,0,0,29.5,0,2,4,69.3,1,0,0,2,0,1,61,1,1,1,1,1,0,0,0,0,4.3,0,1,1,0,1,1,1,"1,971",1,68.56,2,1,1,1,0,0,0,0,0,2,0,0,1,0,1,1,1,85.7,2,1,1,12,2,0,0.92,1,0,0,1,0,0,0.0,8,0,0.6,1,1,1,1,0,0,0,1,1,59.1,0,0,33.6,1,3,2.4,1,2,4,0,0,0,1.0,1,0,0,0,2,0,2,0,87.6,44.2,7.2,0,0,155.9,1,0,2,87.3,1,0,2,6,1,19,0,1,1,1,0,0,1,1,75.8,70,1,90,0,1,3,0.4,"2,669",0,0,0,0,1,0.4759,0,209.4,41,1,41.20,1,0,1,0,"1,354.0",0
Madagascar,0,0,9.8,0,2,1,71.6,1,0,0,2,0,1,43,0,1,1,1,1,0,0,0,1,39.0,1,1,1,1,0,0,1,457,1,65.93,0,1,1,1,0,1,0,0,0,1,0,0,0,0,1,0,1,44.3,0,1,1,4,0,0,-0.57,1,1,0,0,0,1,0.0,7,0,0.5,1,1,1,1,0,0,0,0,1,45.6,0,0,36.5,1,3,3.1,0,2,2,0,0,0,0.3,1,0,0,0,2,0,1,0,50.6,9.7,5.2,0,0,20.2,1,1,2,34.1,1,0,1,3,0,0,0,0,0,0,0,1,1,1,14.3,20,1,83,0,1,3,0.4,12,0,1,1,0,1,0.3976,0,21.8,25,0,29.60,1,0,1,0,25.9,1
Botswana,0,0,39.4,0,2,0,87.7,1,0,0,3,0,1,521,0,1,0,1,1,0,0,0,0,5.8,1,1,0,1,0,0,1,"7,984",1,66.80,0,1,2,1,0,0,0,0,0,2,0,0,0,0,1,0,0,99.7,1,1,0,18,4,0,-1.92,0,0,0,0,0,0,0.0,25,0,0.7,0,0,1,1,1,0,0,1,1,58.5,0,0,68.7,0,4,3.3,0,3,3,1,0,0,0.2,1,0,0,0,0,0,2,0,79.2,60.0,7.8,0,0,48.9,1,1,2,130.0,0,0,3,6,0,0,0,0,0,0,0,0,1,0,38.4,180,0,73,0,0,4,0.4,19,0,0,0,1,1,0.5655,0,272.7,61,3,51.50,0,0,1,0,2.3,0
Dominican Republic,0,0,63.9,0,2,1,93.8,1,0,0,3,0,1,428,0,1,1,1,1,0,0,1,0,0.4,1,1,1,1,0,0,1,"7,470",1,73.86,0,1,1,1,0,0,0,0,0,0,0,0,0,0,1,0,0,99.6,1,1,0,3,1,0,6.86,1,1,0,0,0,0,1.0,3,0,0.7,1,1,0,1,0,0,0,1,1,66.4,0,0,80.3,0,4,3.0,0,2,2,0,1,0,0.7,0,0,0,0,0,0,2,0,94.5,82.7,6.5,0,0,418.0,1,0,2,81.4,1,0,3,18,0,4,0,0,0,0,0,0,1,0,149.4,160,0,86,0,1,4,0.5,81,0,1,1,0,1,0.5493,0,133.4,30,2,61.20,0,0,1,0,10.9,0
Jamaica,0,0,44.4,0,2,1,88.1,1,0,0,3,0,1,324,0,0,1,0,1,0,0,0,0,0.4,1,1,0,0,0,1,1,"5,109",1,75.97,0,1,2,2,0,0,0,0,0,0,0,0,0,0,1,0,1,99.1,1,0,1,7,1,0,-0.37,0,0,0,0,0,0,0.0,2,0,0.7,1,0,0,1,1,0,0,0,1,65.9,0,0,55.4,0,4,3.0,0,3,3,0,0,0,0.3,0,0,0,0,0,0,2,0,92.9,85.4,7.0,0,0,120.0,1,0,2,107.0,0,0,2,3,0,1,0,0,0,0,0,1,1,0,47.2,170,0,95,0,0,4,0.5,15,0,0,1,0,0,0.5884,0,166.6,44,2,62.00,0,0,1,0,2.9,0
Uganda,0,1,21.9,0,0,1,70.2,1,0,0,1,0,1,19,0,0,0,1,1,1,0,0,0,13.2,1,1,2,1,0,1,1,634,1,59.89,2,1,1,1,0,0,0,0,0,1,0,0,0,0,1,1,1,74.2,0,1,1,5,4,0,-6.80,1,0,0,0,0,0,1.0,6,0,0.5,1,1,1,1,0,0,0,1,1,54.9,1,0,23.2,0,3,2.8,0,1,0,0,0,0,0.6,0,0,0,0,0,0,1,0,38.9,19.2,5.2,0,1,47.2,1,1,2,58.2,0,0,2,2,1,10,1,0,0,0,0,1,1,1,9.3,50,0,83,0,0,2,0.4,28,0,0,0,1,1,0.4774,0,64.8,26,1,31.40,1,0,1,0,44.3,0
Russia,0,0,76.0,1,0,4,99.7,1,0,0,3,0,1,757,0,1,0,0,1,0,0,1,1,0.0,1,1,1,1,0,1,1,"11,253",1,71.59,1,1,1,3,0,0,0,1,0,1,0,1,0,0,1,1,0,99.7,1,1,0,4,2,0,0.30,0,1,0,0,0,0,0.0,,0,0.8,1,0,1,0,1,0,0,1,1,68.9,0,0,74.3,0,1,1.9,1,0,2,0,1,0,0.9,1,0,0,0,2,0,0,2,96.4,88.8,2.9,0,0,538.2,1,0,2,130.0,0,0,3,46,0,1,1,0,0,1,0,1,1,0,397.5,820,1,98,0,1,3,0.7,"1,654",0,0,1,0,1,0.7425,0,868.3,28,1,75.10,1,0,1,0,147.0,0
Bangladesh,0,1,18.2,0,2,0,72.9,1,0,0,1,0,0,16,1,1,1,1,1,0,0,0,1,2.7,1,1,1,0,0,1,1,"1,647",1,72.49,1,1,0,0,0,0,0,0,0,2,0,0,0,0,1,0,0,49.8,2,0,1,20,0,0,-0.20,0,0,1,0,0,1,0.0,17,0,0.6,1,0,0,1,0,0,0,1,1,59.3,1,0,35.9,0,3,2.9,0,3,2,1,0,0,0.8,1,0,0,0,2,0,1,0,97.3,46.9,5.6,0,1,65.1,0,1,2,88.1,0,0,1,6,1,17,0,1,0,0,0,0,1,1,47.2,80,0,92,0,0,2,0.5,274,0,0,0,0,1,0.4577,0,26.7,26,1,47.60,0,0,1,0,166.4,0
Samoa,0,0,29.4,0,2,1,99.0,1,0,0,2,0,0,269,0,1,0,1,1,0,0,0,0,0.1,1,1,1,0,0,0,1,"4,194",1,75.01,1,1,3,2,0,0,0,0,0,0,0,0,0,0,1,0,0,82.5,1,0,0,4,1,0,0.00,0,0,0,0,0,0,0.0,3,0,0.7,0,1,0,1,0,0,0,1,0,,0,0,18.5,0,4,,0,3,3,0,0,0,0.3,0,0,0,0,0,0,2,0,95.5,96.6,,0,0,41.9,1,0,2,63.2,0,0,2,3,0,3,0,0,0,0,0,0,1,0,34.4,100,0,80,0,0,4,,1,0,0,0,0,1,0.6349,0,153.7,,3,47.60,0,0,1,0,0.2,0
Lesotho,0,0,27.4,0,2,1,76.6,1,0,0,1,0,0,155,0,0,0,0,1,0,0,0,1,31.8,0,1,0,1,0,0,1,"1,266",1,54.17,0,1,1,1,0,0,0,0,0,1,0,0,0,0,1,0,0,77.9,1,0,1,0,1,1,0.22,0,0,0,0,0,1,0.0,40,0,0.5,0,0,1,1,1,0,0,0,1,51.5,0,0,27.7,0,3,2.8,1,1,3,0,0,0,0.1,1,0,0,0,0,0,1,0,71.6,43.8,6.6,0,0,45.8,0,1,2,106.6,0,0,2,1,0,0,1,0,0,0,0,1,1,0,4.7,130,0,76,0,0,4,0.4,3,0,0,0,0,1,0.4562,0,59.1,41,2,32.00,0,0,1,0,2.3,0
Antigua and Barbuda,0,0,73.0,0,2,1,99.0,1,0,0,3,0,0,591,0,0,1,0,1,0,0,0,0,0.4,0,1,0,1,0,0,1,"15,665",1,76.36,0,1,2,2,0,0,0,0,0,0,0,0,0,0,1,0,0,100.0,1,0,0,6,0,1,0.00,0,0,0,0,0,0,0.0,,0,0.8,1,0,1,1,0,0,0,1,0,,0,0,24.7,0,4,,0,3,3,0,0,0,0.5,0,0,0,0,0,0,1,0,96.7,87.5,,0,0,314.3,0,0,2,130.0,0,0,3,,0,4,0,0,0,0,0,1,0,0,15.8,380,0,99,0,0,4,,2,0,0,1,1,1,0.6543,0,306.4,,3,69.80,0,0,1,0,0.1,0
Kiribati,0,0,13.7,0,2,1,74.3,1,0,0,4,0,0,154,0,0,0,0,1,0,0,0,0,3.3,0,1,0,0,0,0,1,"1,594",1,66.32,0,1,1,1,0,0,0,0,0,0,0,0,0,0,1,0,0,98.3,1,0,0,4,0,0,0.00,0,0,0,0,0,0,0.0,,0,0.6,0,1,1,1,0,0,0,0,1,,0,0,53.3,0,4,,0,4,3,0,0,0,0.3,0,0,0,0,0,0,1,0,64.4,39.8,,0,0,0.2,0,0,0,39.6,0,0,1,,0,3,0,0,0,0,0,0,0,0,20.3,190,0,81,0,0,4,0.5,0,0,0,0,0,1,0.5239,0,461.6,,0,26.50,0,0,1,0,0.1,0
Vanuatu,0,0,24.0,0,2,1,97.1,1,0,0,3,0,0,63,0,0,0,0,1,0,0,0,0,3.3,0,1,0,0,0,0,1,"3,152",1,72.13,0,1,3,2,0,0,0,0,0,0,0,0,0,0,1,0,0,89.4,1,0,0,4,1,1,0.00,0,0,1,0,0,0,0.0,6,0,0.6,1,1,1,1,0,0,0,1,1,,0,0,25.2,0,4,,0,3,3,0,0,0,0.4,0,0,0,0,0,0,2,0,90.5,53.5,,0,0,9.8,0,0,2,82.5,0,0,1,2,0,3,0,0,0,0,0,0,1,0,18.6,170,0,80,0,0,4,0.5,1,0,0,0,0,1,0.5239,0,221.8,46,1,32.40,0,0,1,0,0.3,0
St Lucia,0,0,46.7,0,2,0,94.2,1,0,0,2,0,0,285,0,0,0,0,1,0,0,0,0,1.0,1,1,1,1,0,0,1,"9,935",1,75.50,0,1,2,2,0,0,0,0,0,0,0,1,0,0,1,0,1,98.7,1,0,0,6,0,0,-0.98,0,0,0,0,0,0,0.0,,0,0.7,1,1,1,1,2,0,0,1,0,,0,0,18.6,1,4,,0,3,3,0,0,0,0.3,0,0,0,0,0,0,1,0,98.2,90.9,,0,0,329.9,0,0,2,98.8,0,0,3,,0,4,0,0,0,0,0,1,1,1,10.3,130,0,87,0,0,4,,2,0,1,1,1,1,0.6668,0,197.1,55,2,63.30,0,0,1,0,0.2,0
Egypt,0,1,45.0,0,2,1,75.1,1,0,0,2,0,0,151,0,1,0,1,1,0,0,0,0,0.2,0,1,1,1,0,1,1,"2,565",1,71.48,1,1,1,3,0,0,0,0,0,2,0,0,0,0,1,0,1,91.5,1,1,1,10,2,1,0.01,1,1,0,0,0,1,0.0,,1,0.7,1,1,1,0,1,0,0,1,1,63.5,0,0,42.7,1,3,2.5,0,3,2,0,0,0,0.5,0,0,0,0,0,0,0,0,98.4,93.2,3.4,0,0,320.1,1,0,1,105.5,1,0,3,66,0,14,0,0,1,0,0,1,1,0,81.4,160,1,94,0,0,2,0.5,249,0,0,0,1,0,0.5512,0,143.4,35,2,58.00,0,0,1,0,97.1,0
Albania,0,0,66.4,0,2,3,97.2,1,0,0,2,0,1,314,0,1,1,1,1,0,0,1,1,0.2,1,1,1,1,1,0,1,"5,195",1,78.35,0,1,1,1,0,1,0,0,0,1,0,0,0,0,1,0,0,99.3,1,1,1,9,2,0,-0.39,1,0,0,1,0,0,1.0,,0,0.8,1,1,1,1,0,1,1,1,0,68.9,0,0,59.4,1,4,3.2,0,2,2,0,1,0,0.7,0,0,0,0,0,0,1,0,91.4,97.7,6.0,1,0,440.5,1,1,2,119.4,1,0,2,26,0,6,0,0,0,1,0,1,1,1,128.6,290,0,96,0,1,3,0.6,15,0,1,1,0,1,0.7618,0,359.9,36,1,75.40,0,0,1,0,2.9,0
China,1,0,54.3,1,2,4,95.1,1,0,0,2,0,1,442,0,1,1,1,1,0,1,1,1,0.2,1,1,2,1,0,0,1,"9,752",1,76.25,2,1,2,3,0,1,0,0,0,2,0,0,0,0,1,1,1,99.9,2,1,1,0,3,1,1.63,1,0,0,0,0,1,0.0,,0,0.8,1,1,1,0,0,0,1,1,1,70.1,0,0,58.0,1,3,2.8,1,1,1,0,1,1,0.9,1,0,0,0,2,1,0,0,95.8,75.0,3.3,0,0,273.4,1,0,2,104.6,1,0,3,,0,0,0,1,0,1,0,1,0,1,181.2,420,1,99,0,1,3,0.7,"13,508",1,0,1,0,0,0.8476,0,234.2,39,3,77.90,0,0,0,0,"1,385.0",0
Mozambique,0,0,17.5,0,2,0,56.0,0,0,0,1,0,0,33,0,0,0,1,1,0,0,0,0,27.9,0,1,1,1,0,1,1,489,1,58.31,0,1,1,1,0,1,0,1,0,0,0,0,0,0,0,0,1,54.3,0,1,1,0,2,0,-2.70,0,1,0,0,0,0,0.0,19,0,0.4,1,0,1,0,0,0,0,1,1,50.7,0,0,35.5,0,3,2.9,0,3,1,0,0,0,0.4,1,0,0,0,0,0,1,0,47.3,23.6,3.9,0,0,4.7,1,1,2,40.0,0,0,2,1,0,7,0,0,0,0,0,1,1,0,5.5,70,0,99,0,0,2,0.4,15,0,0,0,0,1,0.4477,0,40.1,23,2,30.00,0,0,1,0,30.5,0
Brazil,1,1,60.9,1,2,3,92.0,1,1,0,2,0,1,591,1,1,1,1,1,0,0,0,1,1.2,1,1,2,1,0,1,1,"8,931",1,75.51,2,1,2,1,0,0,0,1,0,2,0,1,1,1,1,1,1,99.1,0,1,1,0,4,1,-1.50,1,1,0,0,0,1,0.0,4,0,0.8,1,1,1,1,1,1,1,1,1,69.7,0,1,86.3,0,4,2.7,1,3,1,1,1,1,0.9,1,0,0,0,2,0,2,0,97.5,86.1,7.0,1,0,774.3,1,0,2,113.0,1,1,2,57,0,0,1,1,0,1,0,0,1,1,185.2,220,1,97,0,1,4,0.6,"1,868",0,1,1,0,0,0.5933,1,744.4,35,1,63.80,0,0,1,0,209.2,0
Croatia,0,1,67.1,0,2,3,99.1,1,0,0,3,0,1,"1,334",1,1,0,1,1,0,0,1,1,0.3,1,1,1,1,0,1,1,"14,600",1,78.02,2,1,2,3,1,1,0,1,0,0,0,1,0,0,1,1,0,99.9,0,1,1,7,2,1,0.29,0,1,0,0,0,1,0.0,14,0,0.8,1,1,1,1,1,0,1,1,0,76.5,0,0,56.7,0,4,3.4,1,2,3,0,1,0,0.7,1,0,0,0,2,0,1,0,99.6,97.5,6.6,1,1,262.0,1,0,2,103.0,1,1,3,52,1,10,0,1,0,1,0,1,1,1,312.6,560,1,89,0,1,4,0.7,61,0,0,1,0,0,0.8762,0,651.2,48,3,86.90,0,0,1,0,4.2,0
Denmark,1,1,97.1,0,2,4,99.9,1,0,0,3,0,1,"4,284",1,1,1,1,0,1,1,1,1,0.1,1,1,2,1,1,1,1,"61,049",1,80.70,2,1,4,3,0,1,0,1,0,2,0,1,0,0,1,1,1,94.4,2,1,1,4,4,1,1.42,0,1,0,1,0,1,0.0,,1,0.9,1,1,1,0,2,0,1,1,1,84.6,0,1,87.8,0,4,3.7,1,3,4,1,1,1,1.0,1,0,1,0,1,0,2,2,100.0,99.6,9.2,1,1,698.4,1,0,2,121.7,1,1,3,38,1,1,1,1,1,1,0,1,1,1,365.5,250,1,97,0,1,2,0.8,351,1,0,1,0,1,0.9601,1,"1,701.4",88,3,92.10,1,0,1,1,5.8,0
Ecuador,0,1,57.3,1,2,1,94.4,1,0,0,2,0,1,483,0,1,2,0,1,1,0,1,0,1.2,0,1,2,1,0,1,1,"6,370",1,76.33,0,1,1,3,0,1,0,0,1,2,0,1,0,0,1,1,0,96.7,1,1,1,12,1,1,-3.17,1,1,0,0,0,1,0.0,16,0,0.8,1,1,1,1,1,0,0,1,1,70.8,0,0,63.7,0,3,3.0,1,2,2,0,1,0,0.7,1,0,0,0,2,0,1,0,92.6,86.1,6.3,1,0,381.7,1,0,2,83.5,0,1,3,16,0,8,0,1,0,0,0,1,1,0,166.5,150,1,81,0,1,3,0.6,108,0,0,0,0,1,0.6151,1,208.4,34,2,62.20,0,0,1,0,17.0,1
South Africa,0,1,54.0,0,2,4,94.4,1,0,0,1,0,1,576,1,1,1,1,1,0,0,1,1,6.2,1,1,2,1,0,1,1,"6,414",1,62.77,2,1,3,2,0,1,0,1,0,2,0,0,0,0,1,1,1,96.7,1,1,1,3,3,0,0.00,1,1,1,0,0,0,0.0,3,0,0.7,1,1,1,1,1,1,0,1,1,60.8,0,0,65.9,1,4,2.6,0,4,3,1,1,1,0.8,1,0,0,0,0,0,2,0,84.7,73.1,7.2,1,0,83.0,1,1,2,130.0,1,1,3,5,0,0,1,1,0,0,1,1,1,1,81.8,280,1,81,0,1,3,0.4,368,0,0,0,0,0,0.6106,0,522.9,43,2,49.70,0,0,1,0,57.4,0
St Kitts and Nevis,0,0,76.8,0,2,1,94.2,1,0,0,3,0,0,639,0,0,0,0,1,0,0,0,0,0.4,1,1,0,0,0,0,1,"17,682",1,76.20,0,1,2,2,0,0,0,0,0,0,0,0,0,0,1,0,0,100.0,1,0,0,6,0,0,0.00,0,0,0,0,0,0,0.0,,0,0.8,1,0,0,0,0,0,0,1,0,,0,0,30.8,0,4,,0,3,3,0,0,0,0.5,0,0,0,0,0,0,1,0,98.0,91.9,,0,0,762.1,0,0,2,130.0,0,0,3,,0,4,0,0,0,0,0,1,0,0,106.0,230,0,93,0,0,4,,1,0,0,1,0,1,0.6543,0,636.1,,3,69.58,0,0,1,0,0.1,0
Azerbaijan,0,1,79.0,0,0,2,99.8,1,0,0,2,0,1,238,1,0,0,1,1,0,0,0,0,0.0,0,1,1,0,0,0,1,"4,730",1,72.03,0,1,1,3,0,0,0,0,0,0,0,1,0,0,1,0,0,99.8,1,1,0,10,3,0,3.17,0,0,0,0,0,0,0.0,8,0,0.8,1,1,0,0,1,0,0,0,1,70.8,0,0,55.3,0,2,2.6,0,1,0,0,0,1,0.7,1,0,1,0,0,0,0,0,84.4,89.3,2.7,1,0,941.5,1,0,2,103.0,0,0,3,20,1,20,0,0,0,0,0,0,1,1,340.2,470,1,98,0,1,3,0.6,47,0,0,0,0,0,0.6824,0,687.1,25,2,65.60,0,0,1,0,9.9,0
Argentina,0,1,71.0,0,2,3,99.1,1,0,0,2,0,1,"1,140",1,1,0,1,1,0,0,0,1,0.3,1,1,2,1,0,1,1,"11,599",1,76.58,2,1,2,1,0,1,0,0,1,2,0,0,1,0,1,1,1,99.6,1,1,1,0,3,1,-1.12,1,1,0,1,0,1,0.0,3,0,0.8,1,0,1,1,0,0,0,1,1,70.3,0,0,91.7,0,4,3.0,1,3,2,0,0,1,0.8,1,0,0,0,0,0,2,0,99.6,94.8,7.0,1,0,241.9,1,0,2,130.0,1,0,2,65,1,0,0,1,1,0,1,1,1,1,390.7,500,1,89,1,1,3,0.6,518,0,1,1,0,1,0.6421,0,421.2,40,2,68.10,0,0,1,0,44.7,0
Nauru,0,0,54.0,0,2,1,95.3,1,0,0,2,0,0,757,0,0,0,0,1,0,0,0,0,0.2,0,1,0,0,0,0,1,"8,845",1,67.80,0,1,0,2,0,0,0,1,0,0,0,0,0,0,1,0,0,97.4,1,0,0,4,1,0,0.00,0,0,0,0,0,0,0.0,,0,,0,1,0,1,0,0,0,0,0,,0,0,100.0,0,4,,0,1,3,0,0,0,0.1,0,0,0,0,0,0,1,0,100.0,65.6,,0,0,14.4,0,0,2,87.2,0,0,1,,0,3,0,0,0,0,0,1,0,0,139.4,500,0,95,0,0,4,,0,0,0,0,0,0,0.6015,0,697.2,,2,64.11,0,0,1,0,0.0,0
Japan,1,0,90.9,1,2,4,99.9,1,0,0,3,1,1,"3,839",1,1,1,1,1,0,0,1,1,0.2,1,1,1,1,0,0,1,"39,074",1,83.98,2,1,3,3,0,0,0,0,0,2,0,0,1,0,1,1,1,99.9,1,1,0,10,2,1,0.03,1,1,0,0,0,1,0.0,,1,0.9,1,0,1,1,1,0,0,1,1,78.5,0,1,91.5,0,4,3.6,1,2,4,1,1,1,1.0,1,0,0,0,2,0,1,0,98.9,100.0,8.0,1,0,617.8,1,1,2,130.0,1,0,3,31,1,5,1,1,0,0,0,1,1,1,236.7,"1,340",1,99,1,1,3,0.8,"4,970",1,0,1,0,0,0.8966,1,"1,124.1",73,3,94.10,0,0,1,0,127.2,0
Cambodia,0,0,34.0,0,2,1,80.5,1,0,0,1,0,1,50,0,1,1,1,1,0,0,0,0,4.4,1,1,1,0,0,0,1,"1,483",1,68.98,2,1,0,1,0,0,0,1,0,2,0,0,0,0,1,1,0,89.0,1,1,1,16,0,0,-7.22,0,0,0,0,0,1,0.0,72,1,0.6,1,0,0,1,0,0,0,0,1,60.4,1,0,23.0,0,4,2.9,0,1,1,0,0,0,0.3,1,0,0,0,0,0,0,0,75.0,48.8,3.6,1,0,133.9,0,1,2,116.0,0,0,1,9,1,12,0,0,1,0,0,0,1,1,14.3,80,0,99,0,0,3,0.5,24,0,0,1,0,1,0.5271,0,95.1,20,1,39.40,1,0,1,0,16.3,0
Maldives,0,0,59.1,0,2,0,98.6,1,0,0,1,0,0,"1,182",0,0,0,0,1,0,0,0,1,1.5,1,1,1,0,0,1,1,"11,462",1,77.34,2,1,2,3,0,0,0,0,0,0,0,0,0,0,1,0,0,95.6,1,0,1,15,2,1,0.00,0,0,0,0,0,0,0.0,,0,0.7,1,1,1,1,0,0,0,1,1,,0,0,39.4,0,3,,0,1,2,0,0,0,0.5,1,0,0,0,2,0,1,0,97.9,95.9,,0,0,311.1,1,1,2,130.0,0,0,2,,0,20,0,0,0,0,0,0,0,0,361.1,430,0,99,0,0,2,,5,0,0,1,0,1,0.6569,1,822.2,31,1,70.40,1,0,1,0,0.5,0
Palau,0,0,27.0,0,2,1,96.6,1,0,0,4,0,0,"1,131",0,0,0,0,1,0,0,0,0,0.2,1,1,0,1,0,0,1,"13,338",1,73.60,0,1,1,2,0,0,0,0,0,0,0,0,0,0,1,0,0,100.0,1,0,0,4,0,0,0.00,0,1,0,0,0,1,0.0,28,0,0.8,0,0,0,1,0,0,0,0,0,,0,0,79.4,0,4,,0,3,3,0,0,0,0.3,0,0,0,0,0,0,1,0,99.6,100.0,,0,0,273.5,0,0,2,111.5,0,0,1,34,0,3,0,0,0,0,0,1,0,0,118.5,480,0,85,0,0,4,,0,0,0,0,0,0,0.6543,0,526.1,,1,85.32,0,0,1,0,0.0,0
Côte d'Ivoire,0,1,43.8,0,2,0,43.9,1,0,0,1,0,0,42,0,1,1,1,1,0,0,0,1,9.1,1,1,1,1,0,1,1,"1,700",1,53.58,0,1,1,2,0,1,0,0,0,1,0,0,1,0,1,1,1,73.6,1,0,0,15,3,0,-0.01,0,1,0,0,0,0,0.0,3,0,0.5,1,1,0,1,0,0,0,1,1,55.2,1,0,50.3,0,3,2.8,0,3,1,0,0,0,0.2,1,0,0,0,0,0,1,0,73.1,29.9,4.2,0,0,65.3,1,1,2,130.0,1,0,2,1,0,6,0,0,0,0,0,1,1,1,14.4,40,1,91,0,0,1,0.4,42,0,0,0,0,1,0.3366,0,48.3,35,1,27.30,0,0,1,0,24.9,0
Netherlands,0,1,93.2,0,2,3,99.9,1,1,1,2,1,1,"4,252",1,1,1,1,1,1,1,1,1,0.0,1,1,2,1,0,1,1,"53,200",1,81.51,2,1,4,4,0,1,0,1,1,2,0,1,0,1,1,1,1,100.0,2,1,1,3,3,1,0.32,1,1,0,1,0,1,0.0,6,0,0.9,1,1,1,1,2,0,1,1,1,79.5,0,1,91.1,1,4,3.5,1,3,4,1,1,1,0.9,1,0,0,0,2,0,2,0,100.0,97.7,8.9,1,1,601.3,1,0,2,120.5,1,1,4,32,1,4,1,1,0,1,0,1,1,1,347.8,470,1,93,0,1,3,0.8,914,1,1,1,1,0,0.9564,1,"1,054.2",82,3,96.10,1,0,1,1,17.2,0
Kazakhstan,0,1,76.4,0,2,2,99.8,1,0,0,2,0,0,505,1,1,1,1,1,1,0,1,1,0.0,0,1,1,1,0,0,1,"9,624",1,72.30,0,1,1,3,0,0,0,1,0,0,0,1,0,0,1,1,0,99.4,1,1,0,0,3,1,-0.01,0,1,0,0,0,0,0.0,84,0,0.8,1,0,1,1,1,0,0,0,1,68.1,0,0,57.3,0,4,3.1,0,2,0,0,1,0,0.9,1,0,0,0,2,0,0,0,91.1,97.8,2.9,0,0,305.4,1,0,2,130.0,1,1,3,229,1,0,0,0,0,1,0,1,1,0,327.4,670,0,99,0,1,2,0.7,177,0,0,0,1,0,0.8033,1,854.2,31,2,69.10,0,0,1,0,18.4,0
Sweden,1,1,96.4,0,2,4,99.9,1,1,0,3,1,1,"4,498",1,1,1,1,1,1,0,1,1,0.3,0,1,2,1,0,1,1,"55,240",1,82.20,2,1,4,3,0,1,0,0,1,2,0,1,0,1,1,1,1,99.1,2,1,1,3,4,1,0.23,1,1,0,0,0,1,0.0,1,1,0.9,1,1,1,1,2,1,1,1,1,85.0,0,1,87.1,0,4,3.5,1,3,4,1,1,1,0.9,1,0,1,0,2,0,2,0,100.0,99.3,9.4,1,0,821.1,1,0,2,125.5,1,1,4,38,1,0,1,1,0,1,0,1,1,1,418.8,260,1,97,0,1,3,0.8,551,1,0,1,1,1,0.9564,1,"1,187.6",85,4,95.50,1,0,1,1,10.0,1
France,1,1,80.5,0,2,4,99.9,1,0,0,2,1,1,"3,964",0,1,1,1,1,1,0,1,1,0.0,1,1,2,1,1,1,1,"42,583",1,82.27,2,1,4,4,0,1,0,0,1,2,0,0,0,0,1,1,1,97.4,1,1,1,4,4,1,2.06,1,1,0,1,0,1,0.0,6,0,0.9,1,1,1,0,1,1,1,1,1,81.2,0,0,80.2,0,4,3.1,1,3,4,0,1,0,1.0,1,0,0,0,1,0,2,0,100.0,98.7,7.8,1,0,466.6,1,0,2,106.2,0,0,4,85,1,4,1,1,0,1,0,1,1,1,323.8,650,1,90,1,1,2,0.8,"2,778",1,0,1,0,0,0.9171,0,"1,060.5",72,4,91.70,1,0,1,1,65.2,1
Bhutan,0,1,41.8,0,2,1,57.0,1,0,0,4,0,1,217,0,1,1,1,1,0,0,0,0,0.2,1,1,1,0,0,0,1,"3,129",1,70.20,1,1,2,4,0,0,1,1,0,1,0,0,0,0,1,1,0,89.0,2,1,1,1,0,0,2.55,0,1,0,0,0,0,1.0,92,0,0.6,0,1,1,1,0,0,0,1,1,65.4,0,0,40.2,0,4,3.5,1,3,3,0,0,0,0.5,1,0,0,0,2,0,0,0,97.6,62.9,5.3,0,0,59.0,1,1,2,90.5,0,0,1,10,0,0,0,0,0,0,0,0,1,1,38.1,170,1,97,0,1,4,,3,0,0,0,0,1,0.5240,1,151.1,68,1,47.30,0,0,1,1,0.8,0
Somalia,0,0,1.9,0,0,0,52.5,1,0,0,1,0,0,,0,0,0,0,1,0,0,0,0,18.9,0,1,2,0,0,0,1,478,1,56.29,0,1,0,0,0,0,0,0,0,0,0,0,0,0,0,0,1,9.4,1,0,0,6,0,0,-1.22,0,0,0,0,0,1,0.0,12,0,,1,0,0,1,0,0,0,0,1,,0,0,44.4,0,0,1.7,0,0,1,0,0,0,0.1,0,0,0,0,0,0,0,0,40.0,16.2,,0,0,,0,1,1,46.5,0,0,0,7,0,3,0,0,0,0,0,0,1,1,2.9,90,0,60,0,0,0,,7,0,0,0,0,0,0.4401,0,7.8,10,0,19.00,0,0,1,0,14.7,0
Guatemala,0,0,34.5,0,0,2,81.3,1,0,0,1,0,1,172,0,1,0,0,1,0,0,0,0,2.5,0,1,1,0,0,1,1,"4,547",1,73.41,0,1,1,1,0,0,0,0,0,0,0,0,0,0,1,1,0,65.5,0,0,1,10,4,0,-3.65,0,1,0,0,0,0,1.0,2,0,0.7,1,1,0,1,0,0,0,1,1,58.2,0,0,50.7,0,3,2.7,0,3,2,0,0,0,0.6,1,0,0,0,0,0,1,0,93.6,67.4,5.6,0,0,246.6,1,0,2,118.2,0,0,3,14,0,10,0,0,0,0,0,1,1,1,89.7,60,0,86,0,0,3,0.5,78,0,0,0,0,1,0.5068,0,86.4,27,1,51.50,0,0,1,0,17.3,0
Slovakia,1,1,81.6,0,2,4,99.9,1,0,0,2,0,1,"1,734",1,1,0,1,1,0,0,1,1,0.3,1,1,1,1,0,1,1,"19,555",1,76.56,0,1,3,4,0,1,0,0,0,2,0,1,0,0,1,0,0,98.5,1,1,1,5,3,1,0.16,0,1,0,0,0,1,0.0,1,0,0.9,1,1,1,1,0,0,1,1,1,75.6,0,0,53.8,0,4,3.5,1,2,3,0,1,0,0.7,1,0,0,0,0,0,1,1,97.9,98.9,7.1,0,0,387.3,1,0,2,130.0,1,0,3,56,1,4,0,1,0,1,0,1,1,0,345.0,580,1,96,0,1,4,0.7,107,1,0,1,0,0,0.8205,0,602.0,50,2,83.30,0,0,1,1,5.4,0
United States,1,1,76.2,1,2,4,99.9,1,1,0,2,0,1,"8,078",1,1,2,1,1,1,1,1,1,1.0,1,1,2,1,1,1,1,"62,254",1,78.69,2,1,3,4,0,1,1,1,1,2,0,0,0,1,1,1,1,99.1,0,1,1,1,3,1,0.58,1,0,0,1,1,1,1.0,20,1,0.9,1,1,1,0,2,1,1,1,1,73.0,1,1,82.1,1,4,2.6,1,2,4,1,1,1,1.0,1,0,1,0,2,1,2,2,99.2,100.0,8.0,1,0,"1,094.2",1,1,2,122.0,1,1,4,34,1,1,1,1,0,1,0,1,1,1,256.8,290,1,92,1,1,2,0.8,"20,494",1,1,1,1,1,0.8108,1,988.4,71,3,88.70,0,0,1,1,329.2,1
Estonia,1,1,88.1,1,2,3,99.9,1,0,0,2,0,0,"1,499",1,1,0,1,1,0,0,1,1,0.4,1,1,2,1,0,1,1,"22,982",1,77.74,0,1,4,3,0,1,0,0,0,2,0,1,0,0,1,1,0,99.4,2,1,1,7,3,0,-1.70,1,1,0,0,0,1,0.0,1,0,0.9,1,1,1,1,2,0,1,1,1,78.3,0,0,68.7,0,4,3.3,0,1,3,0,1,1,0.9,1,0,0,0,2,0,2,0,99.6,99.6,8.0,1,0,450.9,1,0,2,130.0,0,1,3,82,1,1,0,1,0,1,0,1,1,1,343.0,500,0,93,0,1,3,0.7,30,1,0,1,1,1,0.8785,1,636.7,73,3,85.90,0,0,1,0,1.3,0
Cabo Verde,0,1,57.2,0,2,1,86.8,1,0,0,2,0,0,197,0,0,1,0,1,0,0,0,0,1.8,0,1,0,1,0,0,1,"3,597",1,72.80,0,1,3,2,0,0,0,0,0,0,0,0,0,0,1,1,0,91.4,1,1,0,8,4,0,1.73,0,1,0,0,0,0,0.0,5,0,0.7,0,1,1,1,1,0,0,0,1,64.7,0,0,65.3,0,4,,0,4,3,0,0,0,0.5,0,0,0,0,0,0,2,0,86.5,65.2,7.9,0,0,90.4,1,0,2,112.1,0,0,4,5,0,8,0,0,0,0,0,0,1,0,78.8,210,0,96,0,0,4,,2,0,0,0,0,1,0.5239,0,125.6,57,2,54.80,1,0,1,0,0.6,0
Laos,0,0,21.9,0,2,1,84.7,1,0,0,3,0,1,50,0,1,1,0,1,0,0,0,1,5.3,0,1,0,0,0,0,1,"2,568",1,66.68,0,1,0,2,0,0,0,1,0,2,0,0,0,0,1,0,0,40.1,1,1,1,3,0,0,8.20,1,1,0,0,0,1,1.0,19,0,0.6,1,1,0,1,0,0,0,0,1,60.6,0,0,34.4,1,3,3.2,0,3,0,0,0,0,0.2,1,0,0,0,1,0,0,0,80.4,72.6,2.4,1,0,71.8,0,1,2,54.1,0,0,2,6,0,6,0,0,1,0,0,1,1,1,49.1,150,1,82,0,0,3,0.5,18,0,0,0,0,1,0.5391,0,95.9,29,0,36.60,1,0,1,0,7.0,0
Georgia,1,1,60.5,0,0,3,99.6,1,0,1,2,0,0,291,0,1,0,1,1,1,0,0,1,1.0,1,1,1,1,0,1,1,"4,149",1,73.26,2,1,2,3,0,1,0,0,1,2,0,0,0,0,1,0,0,99.9,1,1,1,10,1,0,0.57,1,1,0,0,0,0,1.0,13,0,0.8,1,0,1,1,0,0,1,1,1,70.7,0,0,58.2,0,2,2.9,0,1,2,0,1,0,0.7,1,0,0,0,1,0,1,0,93.3,84.9,5.5,1,0,443.2,1,1,2,130.0,0,0,2,108,1,5,0,0,0,1,1,0,1,0,477.6,260,0,95,0,1,3,0.6,16,1,0,0,1,1,0.6502,1,397.1,58,1,67.10,0,0,1,0,3.9,0
Hungary,1,1,76.8,0,2,3,99.1,1,0,0,3,0,1,"1,293",1,1,1,1,1,0,0,1,1,0.3,1,1,2,1,0,1,1,"16,045",1,75.57,0,1,2,3,0,1,0,1,0,2,0,1,0,0,1,0,0,99.2,1,1,1,6,2,1,0.64,0,1,0,0,0,1,0.0,7,0,0.8,1,1,1,1,2,1,1,1,1,75.0,0,0,71.1,0,4,3.5,1,2,3,0,1,0,0.7,1,0,0,0,1,0,1,2,100.0,98.0,6.6,0,0,583.0,1,0,2,123.8,0,0,3,34,1,4,1,0,0,1,0,1,1,1,309.3,700,1,99,0,1,4,0.7,155,1,0,1,0,1,0.7414,0,663.3,46,3,82.10,1,0,1,0,9.7,0
Venezuela,0,0,60.0,0,2,2,97.1,1,0,0,0,0,0,973,0,0,0,0,1,0,0,0,0,7.1,0,1,0,0,0,0,1,"6,281",1,74.55,0,1,0,1,0,0,0,0,0,0,0,0,0,0,1,0,0,96.2,0,0,0,5,3,0,-1.31,0,1,0,0,0,0,0.0,10,0,0.8,0,0,1,1,0,0,0,1,1,64.0,0,0,88.2,0,2,2.3,0,0,0,0,0,0,0.4,0,0,0,0,0,0,0,0,97.4,94.9,3.2,0,0,265.5,1,0,2,76.6,0,0,0,39,0,10,0,0,0,0,0,1,1,0,192.5,80,0,96,0,0,2,,179,0,0,0,0,1,0.5457,0,112.3,18,1,67.80,0,0,1,0,28.5,0
Ethiopia,0,0,15.4,1,0,2,29.8,1,0,0,1,0,0,19,0,0,0,1,1,0,0,0,1,7.7,1,1,1,0,0,1,1,718,1,65.48,2,1,1,2,0,0,0,1,0,2,0,0,0,0,1,0,1,27.7,1,1,1,5,1,0,-0.32,1,0,0,0,0,0,0.0,10,0,0.5,1,1,1,1,1,0,1,0,1,53.2,1,1,20.3,1,2,2.6,0,2,0,0,1,1,0.6,0,0,0,0,2,0,0,0,39.1,7.1,3.4,0,0,26.0,1,1,2,59.7,1,0,2,1,1,20,0,1,0,0,0,1,1,1,2.2,30,1,92,0,0,2,0.4,77,0,0,0,1,1,0.4979,0,23.6,34,1,28.10,0,0,1,0,107.5,0
Peru,0,0,48.7,0,2,1,94.2,1,0,0,2,0,1,436,1,1,2,1,1,0,0,1,0,0.9,0,1,2,1,1,0,1,"6,994",1,74.98,2,1,2,3,0,1,0,0,0,0,0,1,0,0,1,1,0,92.4,0,1,0,18,1,0,-1.23,1,1,0,1,0,1,0.0,2,0,0.7,1,1,1,1,1,0,0,1,1,68.4,0,0,77.7,1,3,3.0,1,3,4,0,1,1,0.8,1,0,0,0,2,0,2,0,89.9,76.8,6.6,0,0,192.6,1,1,2,121.0,1,1,2,2,1,10,0,0,0,0,0,1,1,0,111.6,160,1,83,0,1,3,0.6,225,0,1,0,1,1,0.6324,1,149.3,35,2,64.30,0,0,1,1,32.2,1
Lebanon,0,0,76.1,1,0,0,91.2,1,0,0,1,0,0,598,1,1,1,1,1,0,0,0,1,0.0,1,1,2,1,0,1,1,"9,090",1,79.58,0,1,1,0,0,0,0,0,0,2,0,0,0,0,1,0,1,98.2,1,1,0,1,4,0,0.08,0,0,0,0,0,0,0.0,2,0,0.8,1,1,1,1,1,0,0,0,1,64.8,0,0,88.4,0,1,2.2,0,0,0,1,0,0,0.5,1,0,0,0,2,0,1,0,92.3,95.4,4.6,1,0,368.7,1,1,2,81.4,1,0,3,5,0,2,1,1,0,0,0,1,1,0,238.0,290,0,91,0,1,1,0.5,56,0,0,0,1,0,0.6193,0,256.2,28,1,85.60,0,0,1,0,6.2,0
Namibia,0,1,31.0,0,2,1,88.3,1,0,0,3,0,1,600,0,0,0,1,1,0,0,0,0,4.6,1,1,0,0,0,0,1,"5,634",1,64.39,0,1,2,1,0,0,0,0,0,1,0,0,0,0,1,0,1,88.2,1,0,0,9,1,1,-0.90,0,0,0,0,0,0,1.0,9,0,0.6,1,0,1,1,1,0,0,1,1,58.9,0,0,49.0,0,4,3.1,0,3,2,1,0,0,0.5,1,0,0,0,0,0,1,0,78.8,33.8,6.3,0,0,74.8,1,1,0,104.5,0,0,3,7,0,0,0,0,0,0,0,1,1,1,37.4,270,1,85,0,0,3,0.4,15,0,0,0,0,1,0.5280,0,277.5,53,3,44.60,1,0,1,0,2.6,0
United Kingdom,1,0,94.8,0,2,4,99.9,1,1,0,3,1,1,"3,352",1,1,2,1,1,0,1,1,1,0.1,1,1,2,1,0,1,1,"42,490",1,80.96,2,1,4,3,0,1,1,1,1,2,0,1,0,1,1,1,1,99.0,1,1,1,1,4,1,0.55,1,1,0,1,0,1,0.0,2,1,0.9,1,1,1,1,2,1,1,1,1,78.7,0,1,83.1,1,3,3.2,1,2,4,1,1,1,1.0,1,0,0,0,2,0,2,2,100.0,99.1,8.5,1,0,631.6,1,1,2,119.6,1,1,2,46,1,2,1,1,1,1,0,1,1,1,282.5,280,1,92,1,1,3,0.8,"2,829",1,1,1,1,1,0.8838,1,842.1,80,3,90.50,1,0,1,1,66.6,1
Eritrea,0,1,1.2,0,2,0,64.7,1,0,0,3,0,1,16,0,0,0,0,1,0,0,0,1,18.9,0,1,0,0,0,0,1,"1,222",1,65.09,0,1,0,1,0,0,0,0,0,1,0,0,0,0,1,0,0,34.1,0,0,1,8,3,0,-0.44,0,0,0,0,0,0,0.0,8,0,0.4,1,0,0,1,0,0,0,0,1,,1,0,35.8,0,1,2.5,0,1,0,0,0,0,0.1,0,0,0,0,0,0,0,0,47.0,11.3,2.4,0,0,32.7,0,1,0,10.2,0,0,1,0,0,8,0,0,0,0,0,0,1,0,5.3,70,0,93,0,0,2,,6,0,0,0,0,1,0.3976,0,61.6,24,1,27.60,0,0,1,0,5.2,0
Tunisia,0,1,55.5,0,0,0,79.0,1,0,0,1,0,1,457,0,0,0,0,1,0,0,0,0,0.4,0,1,2,1,0,0,1,"3,333",1,75.73,0,1,2,3,0,0,0,0,0,1,0,0,0,0,1,0,0,73.6,1,1,0,6,3,0,0.78,0,1,0,1,0,0,0.0,4,0,0.7,1,1,1,1,0,0,0,0,1,66.2,0,0,68.6,0,3,3.0,0,1,2,1,0,0,0.8,0,0,0,0,0,0,1,0,94.2,93.1,6.4,0,0,321.7,1,1,2,124.3,0,0,3,15,0,8,1,0,0,0,0,0,1,1,128.9,230,1,98,0,0,1,0.5,39,0,0,0,0,0,0.7017,0,264.2,43,2,69.40,0,0,1,0,11.7,0
North Macedonia,0,0,72.2,0,2,3,97.8,1,0,0,2,0,1,594,0,1,0,1,1,0,0,0,0,2.5,1,1,1,1,0,1,1,"6,078",1,75.70,2,1,1,2,0,1,0,0,0,0,0,1,0,0,1,1,0,99.9,1,1,1,4,2,1,1.05,0,1,0,0,0,0,0.0,,0,0.8,1,1,1,1,2,0,0,1,1,69.0,0,0,57.7,0,3,3.1,0,2,1,0,0,1,0.7,1,0,0,0,0,0,2,0,96.8,90.9,5.9,0,0,330.9,1,0,2,101.9,1,1,2,25,0,6,0,1,0,1,0,1,1,0,287.5,440,0,83,0,0,2,0.5,13,0,0,0,1,0,0.8510,0,379.3,37,1,75.10,0,0,1,1,2.1,0
Costa Rica,0,0,71.6,0,2,1,97.4,1,0,0,2,0,1,933,0,1,0,1,1,0,0,1,0,0.5,0,1,1,1,0,1,1,"12,145",1,79.83,2,1,3,2,0,0,0,0,0,2,0,1,0,0,1,1,0,90.0,2,1,1,3,4,1,5.33,1,1,0,0,0,0,1.0,4,0,0.8,1,1,1,1,2,0,0,1,1,73.2,0,0,78.6,0,4,3.3,1,3,4,0,1,0,0.7,1,0,0,0,0,0,2,0,99.7,97.1,8.1,0,0,276.5,1,0,2,130.0,1,1,3,27,0,1,0,0,0,0,0,1,1,0,115.0,120,0,96,0,0,4,0.6,60,0,0,1,0,0,0.7004,0,79.6,56,1,73.70,0,0,1,0,5.0,0
Senegal,0,1,25.7,0,2,1,51.9,1,0,0,2,0,1,49,0,0,1,1,1,0,0,0,1,12.8,1,1,1,1,0,1,1,"1,249",1,67.15,0,1,2,1,0,1,0,0,0,0,0,0,1,0,1,0,1,53.1,1,0,0,2,4,0,-2.08,0,0,1,1,0,0,0.0,7,0,0.5,1,1,0,1,0,0,0,1,1,57.2,1,0,46.7,0,3,3.1,0,2,3,0,0,0,0.5,0,0,0,0,2,0,1,0,75.2,48.4,6.1,0,0,73.4,0,1,2,99.4,0,0,2,2,1,8,0,0,1,0,0,0,1,1,6.8,30,0,90,0,0,2,0.4,20,0,0,0,0,1,0.4853,0,30.9,45,1,31.10,1,0,1,0,16.3,0
Marshall Islands,0,0,29.8,0,2,1,98.3,1,0,0,4,0,0,492,0,0,0,0,1,0,0,0,0,0.2,0,1,0,0,0,0,1,"3,843",1,73.60,0,1,1,1,0,0,0,0,0,0,0,0,0,0,1,0,0,90.1,1,0,0,4,0,0,0.00,0,0,0,0,0,0,0.0,,0,0.7,0,0,0,1,0,0,0,0,0,,0,0,76.6,0,4,,0,3,3,0,0,0,0.2,0,0,0,0,0,0,1,0,78.2,86.9,,0,0,84.1,0,0,2,29.2,0,0,2,,0,3,0,0,0,0,0,0,0,0,45.6,270,0,83,0,0,4,,0,0,0,0,0,1,0.6543,0,355.1,,1,43.00,0,0,1,0,0.1,0
Comoros,0,0,7.9,0,2,0,49.2,1,0,0,0,0,0,17,0,0,0,1,1,0,0,0,0,6.3,1,1,0,0,0,0,1,"1,405",1,63.70,0,1,0,0,0,0,0,0,0,0,0,0,0,0,1,0,0,82.2,1,0,1,16,0,0,-2.58,0,0,0,0,0,1,0.0,3,0,0.5,1,1,0,1,0,0,0,0,1,,0,0,28.8,0,3,,0,3,2,0,0,0,0.1,0,0,0,0,1,0,1,0,83.7,34.2,3.7,0,0,84.7,1,1,0,54.9,0,0,1,0,0,15,0,0,0,0,0,1,1,1,19.0,220,0,90,0,0,4,0.4,1,0,0,1,0,1,0.3976,0,97.4,27,0,33.00,0,0,1,0,0.8,0
Liechtenstein,0,0,98.1,0,2,4,99.9,1,0,0,4,1,1,"2,867",0,0,1,1,1,0,0,0,0,0.2,1,1,1,1,0,0,1,"164,993",1,82.66,2,1,4,4,0,0,0,0,0,0,0,0,0,0,1,1,0,99.1,1,1,0,4,4,0,0.00,0,1,0,0,0,1,0.0,,0,0.9,1,1,1,1,0,1,1,0,1,,0,0,14.3,0,4,,1,2,4,0,1,1,0.8,0,0,0,0,2,0,2,0,100.0,100.0,,0,0,725.4,1,1,2,122.9,1,0,4,42,1,3,0,0,0,0,0,1,1,1,300.0,505,0,95,0,1,4,,6,0,0,1,0,0,0.8480,0,"1,210.0",,4,90.69,0,0,1,0,0.0,0
Sierra Leone,0,0,11.8,0,2,0,32.4,1,0,0,2,0,0,27,0,1,1,0,1,0,0,0,0,16.7,1,1,1,0,0,0,1,530,1,51.84,2,1,0,0,0,0,0,1,0,1,0,0,0,0,1,0,1,59.7,0,1,0,5,1,0,4.20,1,0,0,1,0,1,1.0,3,1,0.4,1,1,1,0,1,0,0,0,1,49.1,1,1,41.6,1,3,3.2,0,2,2,0,0,0,0.3,1,0,0,0,1,0,1,0,58.1,14.5,4.7,0,0,101.4,1,1,2,84.9,0,0,1,0,0,9,0,0,0,0,0,1,1,1,2.4,40,1,80,0,0,2,0.4,4,0,0,0,0,1,0.3552,1,31.9,30,1,31.00,0,0,1,0,7.7,0
Slovenia,1,1,78.9,1,2,4,99.7,1,1,0,2,0,1,"2,004",0,1,1,1,1,1,0,1,1,0.0,1,1,2,1,0,0,1,"26,199",1,80.78,0,1,3,4,0,1,0,0,1,2,0,1,0,1,1,1,1,99.8,0,1,0,8,3,1,0.21,1,1,0,1,1,1,0.0,,0,0.9,1,1,1,1,2,1,0,1,1,80.0,0,0,54.3,1,4,3.6,0,3,3,1,1,1,0.8,0,0,0,0,2,1,1,0,99.5,99.1,7.5,1,0,332.7,1,1,2,117.5,1,1,3,58,1,3,1,1,0,1,0,1,1,1,282.0,460,1,93,0,1,4,0.8,55,0,0,1,1,1,0.9459,1,884.0,60,3,90.80,0,0,1,0,2.1,0
Nigeria,0,1,25.7,0,2,1,51.1,1,0,1,1,0,0,28,1,1,2,1,1,0,0,0,0,21.8,1,1,0,1,0,0,1,"2,157",1,53.43,2,1,0,0,0,0,0,0,0,0,0,0,0,0,1,0,1,43.0,1,1,1,9,3,0,-4.50,0,0,0,0,0,1,0.0,0,0,0.5,1,1,1,1,0,0,1,1,1,47.5,1,0,49.5,0,1,2.1,0,3,1,0,0,0,0.5,1,0,0,0,0,0,1,0,67.3,32.6,4.4,0,0,160.7,1,1,2,75.9,1,0,1,4,1,12,0,0,1,0,0,1,1,1,39.5,50,1,42,0,0,1,0.3,423,0,0,0,0,1,0.3976,0,160.5,27,1,41.90,1,0,1,1,195.9,0
Micronesia,0,0,33.4,0,2,1,74.3,1,0,0,4,0,1,120,0,0,1,0,1,0,0,0,1,5.7,0,1,0,0,0,0,1,"3,188",1,69.20,0,1,1,2,0,0,0,0,1,1,0,0,0,0,1,0,0,100.0,1,0,0,4,0,0,0.40,1,0,0,0,0,0,0.0,7,0,0.6,1,1,1,1,0,0,0,0,1,,0,0,22.6,0,4,,0,4,3,0,0,0,0.1,0,0,0,0,2,0,1,0,88.4,54.5,,0,0,11.3,0,1,0,21.9,0,0,2,1,0,3,1,0,0,0,0,0,1,0,17.7,320,0,76,0,0,4,,0,0,1,0,0,1,0.5239,1,331.9,,0,41.60,0,0,1,0,0.1,0
Gabon,0,0,48.1,0,2,0,82.3,1,0,0,1,0,0,359,0,0,0,0,1,0,0,0,0,0.8,0,1,1,0,0,0,1,"8,161",1,66.11,0,1,1,1,0,0,0,0,0,0,0,0,0,0,1,1,0,89.3,1,0,0,9,2,0,4.66,0,1,0,0,0,1,0.0,,0,0.7,0,0,0,1,0,0,0,0,1,62.8,0,0,89.0,0,4,2.9,0,3,1,0,1,0,0.2,0,0,0,0,0,0,0,0,87.5,40.9,3.6,0,0,125.1,0,0,2,130.0,0,0,1,,0,4,0,0,0,0,0,1,0,0,40.6,630,1,63,0,1,4,0.5,17,0,0,0,0,0,0.4664,0,289.8,31,0,40.40,0,0,1,0,2.1,0
Guyana,0,0,35.7,0,2,0,85.6,1,0,0,2,0,0,196,0,0,0,0,1,0,0,0,0,1.0,1,1,0,0,0,0,1,"5,046",1,66.65,0,1,1,1,0,0,0,0,0,0,0,0,0,0,1,0,0,85.7,0,1,1,6,0,1,-0.41,0,0,0,0,0,0,0.0,11,0,0.7,1,1,1,1,1,0,0,1,1,61.9,0,0,26.5,0,4,2.9,0,2,1,0,0,0,0.4,0,0,0,0,0,0,2,0,95.1,86.2,6.7,0,0,116.6,1,0,2,82.7,0,0,2,9,0,4,0,0,0,0,0,1,1,0,21.4,160,0,99,0,0,4,0.5,4,0,0,1,0,1,0.4961,0,53.0,37,1,49.80,1,0,1,0,0.8,0
Belgium,0,1,87.7,0,2,3,99.9,1,0,0,2,0,1,"3,926",0,1,1,1,1,1,0,1,1,0.0,0,1,2,1,1,1,1,"46,290",1,80.99,2,1,3,3,0,1,0,0,1,2,0,1,0,0,1,1,1,99.3,2,1,1,2,4,1,0.27,0,1,0,1,0,1,0.0,,1,0.9,1,1,1,1,2,0,1,1,1,79.0,0,0,98.0,0,4,3.5,1,3,3,1,1,0,0.8,1,0,0,0,0,0,2,0,100.0,99.5,7.8,0,0,740.3,1,1,2,104.7,0,1,4,95,1,0,1,1,0,1,0,1,1,1,301.1,620,1,96,0,1,2,0.8,532,0,0,1,0,0,0.9525,0,"1,108.8",75,3,92.90,1,0,1,0,11.5,0
Pakistan,0,0,15.5,0,1,3,57.0,1,0,0,1,0,0,40,0,1,1,0,1,0,0,0,1,0.5,0,1,1,0,0,1,1,"1,557",1,66.48,2,1,0,0,0,0,0,0,0,1,0,0,0,0,1,1,1,52.1,1,1,1,24,2,0,-0.56,0,0,0,0,0,0,0.0,4,0,0.6,1,1,0,1,0,0,0,1,1,54.9,1,1,36.4,0,0,1.9,0,0,2,0,0,0,0.5,0,0,0,0,0,0,1,0,88.5,58.3,4.2,0,0,94.0,1,1,2,73.4,0,0,3,3,1,58,1,0,0,1,0,0,1,1,97.8,60,0,76,0,0,0,0.4,313,0,0,0,0,1,0.4590,0,50.2,33,1,37.60,1,0,1,0,200.8,0
Ukraine,1,1,53.0,0,0,3,100.0,1,0,0,0,0,0,227,0,1,0,1,1,0,0,1,0,0.0,1,1,0,1,0,0,1,"3,102",1,71.48,0,1,1,2,0,0,0,0,0,2,0,0,0,0,1,1,0,99.9,0,1,0,4,2,0,0.19,1,1,0,0,0,0,0.0,8,0,0.8,1,0,0,1,1,0,0,1,1,72.3,0,0,69.2,0,0,2.1,0,0,1,0,1,1,0.6,0,0,0,0,0,0,1,0,97.7,95.9,5.7,0,0,290.3,1,1,2,130.0,1,1,2,45,1,0,0,0,0,1,0,1,1,1,300.0,880,1,86,0,1,2,0.6,131,1,0,0,0,1,0.7153,0,703.9,32,1,74.60,0,0,1,0,42.2,0
Germany,1,1,84.4,0,2,4,99.9,1,0,0,3,0,1,"4,626",1,1,0,1,1,1,0,0,1,0.0,1,1,2,1,0,1,1,"48,363",1,80.64,2,1,4,3,0,1,0,1,1,2,0,1,0,0,1,1,1,98.7,2,1,1,1,4,1,0.03,1,1,0,0,0,1,0.0,,1,0.9,1,1,1,1,2,1,1,1,1,82.3,0,0,77.3,1,4,3.5,1,2,4,1,1,0,0.9,1,0,1,0,0,0,2,1,100.0,99.2,8.7,1,0,678.0,1,0,2,129.1,1,1,4,37,1,3,0,1,1,1,0,1,1,1,419.1,830,1,97,1,1,3,0.8,"4,006",0,0,1,0,0,0.9279,0,"1,379.4",80,3,92.00,0,0,1,1,82.8,0
Canada,1,0,91.2,1,2,4,99.9,1,1,0,4,0,1,"3,465",0,1,2,1,1,1,1,1,1,0.2,1,1,1,1,1,1,1,"46,301",1,82.30,2,1,4,3,1,1,0,0,1,2,0,1,1,1,1,1,1,97.9,2,1,1,4,4,1,-0.05,1,1,0,1,0,1,1.0,41,1,0.9,1,1,1,1,2,1,1,1,1,76.8,0,0,81.4,0,4,3.7,1,3,4,1,1,1,0.9,0,0,1,0,2,0,2,1,98.9,98.5,9.2,1,0,689.7,1,0,2,85.9,0,1,3,43,1,7,1,1,0,1,0,1,1,1,253.9,270,1,89,1,1,3,0.8,"1,711",1,0,1,1,0,0.9079,1,984.2,81,4,93.80,0,0,1,1,37.0,0
Greece,0,0,69.1,0,2,3,97.4,1,0,0,2,0,1,"1,374",0,1,0,1,1,1,0,1,1,0.8,1,1,2,1,0,1,1,"19,518",0,81.04,1,1,2,2,0,1,0,0,0,2,0,0,0,0,1,0,0,99.1,0,1,1,6,0,1,2.34,0,1,0,0,0,1,0.0,0,0,0.9,1,1,0,1,2,0,1,1,0,70.6,0,0,78.7,0,4,3.1,1,2,4,1,1,0,0.8,1,0,0,0,0,0,1,0,100.0,99.0,7.3,1,0,776.6,1,0,2,115.9,1,1,2,31,1,3,1,1,0,1,0,1,1,1,625.5,430,1,97,0,1,2,0.7,217,0,0,1,1,0,0.8802,0,340.7,45,2,90.40,0,0,1,0,11.1,0
Andorra,0,0,97.9,0,2,2,100.0,0,0,0,4,0,1,"2,446",0,1,0,1,1,0,0,0,0,0.2,1,1,0,1,0,0,1,"39,147",1,82.90,0,1,4,4,0,0,0,0,0,0,0,1,0,0,1,1,0,99.1,1,0,0,4,4,0,0.00,0,1,0,0,0,0,0.0,6,0,0.9,0,0,0,1,0,0,1,1,0,,0,0,88.2,0,4,,0,3,4,0,0,0,0.6,0,0,0,0,2,0,2,0,100.0,100.0,,0,0,"2,076.0",0,0,2,104.4,1,0,4,34,0,3,0,0,0,0,0,1,1,0,369.0,250,0,99,0,0,4,,3,0,0,0,0,0,0.8480,1,444.2,,4,94.70,0,0,1,0,0.1,0
Congo (Democratic Republic),0,0,6.2,0,0,1,77.0,0,0,0,0,0,0,4,0,1,0,1,1,0,0,0,0,39.2,1,1,1,0,0,0,1,518,1,59.62,0,1,0,0,0,0,0,1,0,0,0,0,0,0,1,1,1,80.1,0,0,1,11,3,0,-1.37,0,0,0,0,0,0,0.0,3,0,0.5,1,0,0,1,0,0,0,0,1,43.4,0,0,43.9,0,0,1.8,0,0,0,0,0,0,0.2,0,0,0,0,2,0,1,0,41.8,19.7,1.5,0,0,12.9,1,1,2,43.4,1,0,0,2,0,19,0,0,1,0,0,1,1,1,9.1,80,1,92,0,0,2,0.4,44,0,0,0,0,1,0.3481,1,96.1,20,0,29.60,0,0,1,0,84.0,0
Uruguay,0,1,66.4,1,2,1,98.6,1,0,0,3,0,1,"1,404",0,1,1,1,1,0,0,0,0,0.0,1,1,1,1,0,0,1,"17,212",1,77.49,2,1,3,3,0,0,0,0,0,0,0,1,1,0,1,1,0,99.9,2,1,0,2,4,1,1.74,1,0,0,0,0,0,1.0,19,0,0.8,0,0,1,1,1,0,0,1,1,70.4,0,0,95.2,0,4,3.3,1,3,3,0,0,0,0.9,0,0,0,0,2,0,2,0,99.2,95.7,8.4,0,0,340.3,1,0,2,130.0,1,0,3,102,0,1,0,0,0,0,0,1,1,0,373.6,280,0,95,0,0,4,0.6,59,0,0,0,0,0,0.7299,1,554.8,70,3,71.00,0,0,1,0,3.5,1
Jordan,0,0,62.3,0,2,3,97.9,1,0,0,2,1,0,313,0,0,0,1,1,0,0,0,0,0.0,1,1,1,1,0,0,1,"4,098",1,74.33,2,1,2,2,0,0,0,0,0,2,0,0,0,0,1,0,0,99.6,1,1,0,0,3,0,-0.01,1,0,0,0,0,0,1.0,6,0,0.7,1,0,1,1,0,0,0,0,1,64.4,0,0,90.7,1,3,3.0,1,0,1,1,0,0,0.5,1,0,0,0,0,0,1,0,98.6,96.7,3.9,0,0,138.4,1,1,2,103.8,1,0,3,11,1,6,0,1,1,0,0,1,1,1,342.6,140,0,93,0,1,2,0.6,42,0,0,0,0,0,0.5404,0,311.4,49,2,70.20,0,0,1,1,10.3,0
Togo,0,1,12.4,0,2,0,63.7,1,0,0,0,0,0,20,0,0,0,0,1,0,0,0,1,19.9,0,1,1,0,0,1,1,692,1,60.23,0,1,1,1,0,0,0,0,0,1,0,0,0,0,1,0,0,44.6,0,0,1,5,4,0,-3.64,0,0,0,0,0,1,1.0,30,0,0.5,1,1,0,1,0,0,0,1,1,52.0,0,0,41.2,0,3,2.8,0,1,1,0,0,0,0.6,0,0,0,0,0,0,1,0,62.8,13.9,3.1,0,0,50.4,0,1,2,79.8,0,0,2,1,0,16,0,0,1,0,0,0,1,1,5.3,70,0,91,0,0,3,0.4,6,0,0,0,1,1,0.4331,0,27.4,30,0,32.00,0,0,1,0,8.0,0
Mauritius,0,0,52.2,1,2,1,93.2,1,0,0,3,0,0,532,0,1,1,0,0,0,0,0,0,0.1,0,1,2,1,0,0,1,"11,246",1,74.39,2,1,2,2,0,1,0,0,0,0,0,0,0,0,1,0,1,99.8,1,1,1,13,2,0,0.20,1,0,0,0,0,1,0.0,0,0,0.8,1,0,1,0,0,0,0,1,1,64.5,0,0,40.8,0,4,3.4,0,3,3,0,0,0,0.7,0,0,0,0,2,0,2,0,99.9,93.1,8.2,0,0,581.2,0,0,2,130.0,0,0,3,14,0,12,0,1,0,0,0,0,1,1,200.3,340,0,89,0,1,3,0.6,14,0,1,0,0,0,0.6269,0,334.7,51,2,68.70,0,0,1,0,1.3,0
Mali,0,1,11.1,0,0,1,33.1,1,0,0,2,0,0,26,0,0,0,1,1,0,0,0,1,15.5,1,1,1,1,0,0,1,"1,118",1,57.97,0,1,1,1,0,0,0,0,0,1,0,0,1,0,0,0,1,43.7,0,1,0,14,3,0,-0.65,0,0,0,0,0,0,0.0,8,0,0.4,1,1,0,1,1,0,0,0,1,49.7,1,0,41.6,0,1,2.3,0,1,2,0,0,0,0.3,0,0,0,0,2,0,2,0,74.3,31.3,5.4,0,0,28.6,0,1,2,112.4,1,0,0,5,0,22,0,0,0,0,0,0,1,1,8.5,10,1,74,0,0,0,0.3,20,0,0,0,1,1,0.3225,0,44.3,32,1,34.90,0,0,1,0,17.9,0
Austria,0,0,87.9,1,2,4,99.9,1,0,0,3,1,1,"3,840",1,1,0,1,1,0,0,1,1,0.5,0,1,2,1,0,1,1,"52,935",1,80.89,2,1,3,4,0,1,0,0,0,2,0,0,0,0,1,1,1,98.4,1,1,0,10,4,0,0.25,1,1,0,0,0,1,0.0,,0,0.9,1,1,1,1,1,1,1,1,1,80.0,0,0,58.1,0,4,3.7,1,3,4,0,1,1,0.9,1,0,0,0,2,1,2,0,100.0,100.0,8.3,1,1,"1,001.8",1,0,2,130.0,1,1,4,58,1,0,0,0,0,1,0,1,1,1,523.0,760,1,96,0,1,3,0.8,457,0,0,1,0,0,0.9286,1,830.4,76,4,93.90,0,0,1,0,8.6,1
Vietnam,0,1,46.5,0,2,1,93.5,1,0,0,3,1,1,169,0,0,1,1,1,0,0,1,0,0.4,0,1,1,1,0,1,1,"2,493",1,76.25,2,1,1,1,0,1,0,1,0,2,0,0,0,0,1,0,0,93.8,1,1,1,12,1,0,5.21,1,1,0,0,0,1,1.0,24,0,0.7,1,1,1,1,0,0,1,1,1,69.7,1,0,35.2,0,4,3.1,1,2,0,0,1,0,0.7,1,0,0,0,0,0,0,0,91.2,78.2,3.1,0,0,158.8,1,1,2,125.6,1,0,2,7,1,10,0,0,1,0,0,1,1,1,82.1,260,1,97,0,0,4,0.7,241,0,0,1,0,1,0.6955,0,143.4,33,1,60.30,0,0,1,1,96.5,0
Bahrain,0,1,95.9,0,2,0,94.9,1,0,0,0,0,0,"1,145",0,0,0,0,1,0,1,0,1,0.2,1,1,1,1,0,0,1,"25,112",1,76.90,2,1,2,2,0,0,0,0,0,1,0,1,0,0,1,0,0,99.7,1,1,1,0,4,1,0.16,1,0,0,0,0,0,1.0,7,0,0.8,1,1,1,1,1,0,0,1,0,65.9,0,0,89.2,0,2,2.6,1,1,1,1,0,0,0.8,1,0,0,0,1,0,0,0,100.0,100.0,2.7,0,0,522.3,1,1,2,130.0,0,0,3,6,0,0,0,0,0,0,0,0,1,0,92.2,200,0,99,0,0,2,0.7,38,0,0,0,0,0,0.7778,0,248.5,36,3,72.00,0,0,1,0,1.5,0
Saudi Arabia,0,0,80.1,0,2,0,94.4,1,0,0,3,0,1,"2,114",1,1,1,1,1,0,0,0,1,0.2,1,1,1,1,0,0,1,"23,418",1,74.56,2,1,2,3,0,1,0,1,1,1,0,1,0,0,1,0,1,98.0,0,1,1,0,2,0,0.00,0,1,0,0,0,0,1.0,2,1,0.9,1,1,1,0,1,0,0,0,1,62.9,0,0,83.6,0,3,2.6,1,1,2,0,0,0,0.8,1,0,0,0,0,0,0,0,100.0,100.0,1.9,1,0,447.1,1,1,2,122.1,1,1,3,7,1,1,0,1,0,0,0,1,1,0,256.8,270,0,96,0,1,2,0.6,782,0,0,0,0,0,0.7659,0,520.7,49,3,77.10,0,0,1,0,33.4,1
Libya,0,0,20.3,0,0,0,94.2,0,0,0,0,0,0,,0,0,1,0,1,0,0,0,0,0.1,0,1,1,0,0,0,1,"7,050",1,71.93,2,1,0,1,0,0,0,0,0,2,0,0,0,0,1,0,0,99.9,0,0,1,16,4,0,0.00,0,0,0,0,0,0,0.0,0,0,0.7,0,0,0,1,0,0,0,0,1,,0,0,79.8,0,0,1.7,0,0,0,1,0,0,0.1,0,0,0,0,0,0,1,0,96.8,99.7,2.2,1,0,,1,1,2,121.7,0,0,1,36,0,0,0,0,0,0,0,0,1,0,209.2,370,0,95,0,0,0,,46,0,0,0,0,0,0.8298,0,690.5,17,1,71.10,0,0,1,0,6.5,0
Zambia,0,0,25.5,0,2,1,83.0,1,0,0,1,0,0,67,0,0,0,0,1,0,0,0,1,29.5,1,1,2,0,0,0,1,"1,516",1,61.87,2,1,1,1,0,0,0,1,0,1,0,0,0,0,1,0,1,63.3,1,1,0,9,2,0,-2.24,0,0,0,0,0,0,0.0,7,0,0.6,1,1,0,1,0,0,0,0,1,53.1,0,0,43.0,0,4,3.2,0,3,2,0,0,0,0.5,0,0,0,0,0,0,1,0,61.2,31.1,5.6,0,0,21.2,1,1,2,78.6,0,0,2,3,0,3,0,0,0,0,0,0,1,1,9.1,200,0,96,0,0,4,0.4,27,0,0,0,0,1,0.4830,0,88.6,35,1,29.00,0,0,1,0,17.6,0
Chad,0,0,5.0,0,0,0,22.3,1,0,0,1,0,0,18,0,1,0,0,1,0,0,0,0,15.3,1,1,1,1,0,0,1,739,1,52.90,0,1,0,0,0,0,0,0,0,0,0,0,0,0,0,0,1,20.2,0,0,1,5,3,1,-1.01,0,0,1,0,0,0,0.0,3,0,0.4,1,0,1,1,0,0,0,1,1,42.8,0,0,22.9,0,2,2.5,0,2,0,0,0,0,0.1,0,0,0,0,0,0,0,0,42.5,9.5,1.6,0,0,58.1,1,1,0,38.6,0,0,1,5,0,23,0,0,1,0,0,0,1,1,4.4,40,0,65,0,0,0,0.3,11,0,0,1,0,1,0.2917,0,30.9,19,1,25.40,1,0,1,0,15.4,0
Montenegro,0,1,71.3,0,2,1,98.4,1,0,0,2,0,1,"1,001",0,1,0,1,1,0,0,0,1,0.0,1,1,1,1,0,0,1,"8,976",1,77.12,2,1,1,2,0,0,0,0,0,0,0,0,0,0,1,1,0,99.0,1,0,0,3,1,1,0.00,0,1,0,0,0,0,0.0,13,0,0.8,1,1,1,1,0,0,1,1,1,67.6,0,0,66.5,0,4,3.1,1,2,2,1,0,0,0.7,0,0,0,0,0,0,1,1,97.6,95.9,5.7,1,0,321.3,1,0,2,130.0,0,0,2,31,0,2,0,0,0,0,0,1,1,1,234.3,400,0,58,0,1,3,0.6,6,0,0,1,1,0,0.8677,0,574.0,45,2,81.00,0,0,1,0,0.6,0
Zimbabwe,0,1,23.1,0,2,1,88.7,1,0,0,1,0,0,86,0,0,0,1,0,0,0,0,1,5.2,1,1,1,1,0,1,1,"1,340",1,61.16,2,1,0,0,0,0,0,0,0,1,0,0,0,0,1,0,1,78.1,1,0,1,10,1,0,-8.23,0,0,0,0,0,0,1.0,28,0,0.5,1,1,1,0,0,0,0,0,1,58.8,0,0,32.2,0,2,2.5,0,2,0,1,0,0,0.3,0,0,0,0,0,0,1,0,66.6,38.6,3.2,1,0,39.3,1,1,2,85.3,0,0,2,4,0,0,0,0,1,0,0,1,1,0,7.7,170,0,90,0,0,3,0.4,23,0,0,0,0,1,0.4655,0,116.7,22,2,31.20,0,0,1,0,16.9,0
Seychelles,0,0,56.5,0,2,0,94.0,0,0,0,2,0,0,"1,077",0,0,1,0,1,0,0,0,1,0.4,0,1,0,0,0,0,1,"16,412",1,74.31,0,1,3,3,0,0,0,0,0,1,0,0,0,0,1,0,1,99.0,1,1,0,8,3,0,0.00,0,1,0,0,0,0,1.0,,0,0.8,1,0,0,1,0,0,0,0,1,,0,0,56.3,0,4,,0,3,3,0,0,0,0.6,1,0,0,0,0,0,1,0,96.3,100.0,,0,0,23.4,0,1,2,130.0,0,0,3,,0,8,0,0,0,0,0,1,0,1,98.4,360,0,99,0,1,4,0.7,2,0,0,0,0,1,0.6543,0,443.3,66,4,65.60,0,0,1,0,0.1,0
Serbia,0,0,70.3,1,0,3,98.8,1,0,0,2,0,1,767,0,0,0,1,1,0,0,1,1,0.5,1,1,1,1,0,0,1,"7,215",1,75.24,1,1,2,3,0,0,0,0,0,2,0,1,0,0,1,1,0,98.4,1,1,1,9,1,1,2.26,1,1,0,1,0,0,0.0,19,0,0.8,0,1,1,1,1,0,1,1,1,72.1,0,1,55.9,1,3,3.2,1,2,2,0,1,1,0.7,0,0,0,0,2,1,1,0,91.2,94.6,6.4,1,0,535.7,1,1,2,124.1,1,1,3,65,0,6,0,0,0,1,0,1,1,0,246.3,570,1,86,0,1,3,0.8,50,0,0,1,0,0,0.8192,0,471.9,39,2,77.20,1,0,1,0,7.0,0
Panama,0,0,54.0,0,2,1,94.1,1,0,0,1,0,1,"1,148",0,1,0,0,1,0,0,1,0,0.5,0,1,1,1,0,0,1,"15,679",1,78.00,0,1,2,3,0,0,0,1,1,0,0,1,0,0,1,1,0,94.6,0,1,1,0,3,0,-2.22,0,0,0,0,0,0,1.0,8,0,0.8,1,0,1,1,1,1,0,1,1,64.9,0,0,67.4,0,4,3.2,1,2,2,0,1,0,0.7,1,0,0,0,2,0,2,0,95.0,76.9,7.1,0,0,480.0,1,0,2,130.0,0,0,3,15,0,1,1,1,0,1,0,1,1,0,159.4,230,1,98,0,0,4,0.5,65,0,1,0,0,0,0.5388,1,233.0,37,3,68.30,0,0,1,0,4.2,0
Honduras,0,0,30.0,0,0,1,89.0,1,0,0,1,0,0,184,0,0,0,0,1,0,0,0,0,6.3,0,1,1,0,0,0,1,"2,526",1,73.58,0,1,1,0,0,0,0,0,0,0,0,0,0,0,1,0,0,82.8,1,0,0,10,0,0,-10.72,0,1,0,0,0,0,1.0,43,0,0.6,1,1,0,1,0,0,0,1,1,63.6,0,0,56.5,0,3,2.7,0,3,1,0,0,0,0.5,0,0,0,0,0,0,1,0,92.2,79.8,5.6,0,0,180.2,1,0,2,88.9,0,0,2,2,0,3,0,0,0,0,0,1,1,0,39.0,70,0,98,0,0,4,0.5,24,0,0,0,0,1,0.5391,0,113.3,29,1,46.50,0,0,1,1,9.4,0
Moldova,0,1,71.0,0,0,4,99.1,1,0,0,2,0,1,234,0,1,1,1,1,0,0,0,1,0.0,1,1,0,1,0,1,1,"3,189",1,71.61,0,1,1,1,0,1,0,1,0,2,0,1,0,0,1,1,0,99.7,0,1,1,1,2,1,1.40,0,1,0,0,0,0,0.0,9,0,0.7,1,1,1,1,1,0,1,1,1,74.5,0,0,42.6,0,3,3.0,1,1,1,0,1,0,0.8,0,0,0,0,0,0,1,0,86.7,78.4,5.9,0,0,222.4,1,1,2,90.4,1,0,1,47,0,5,0,0,0,1,0,1,1,0,319.8,580,1,93,0,1,4,0.6,11,0,0,1,0,1,0.7738,0,450.8,33,1,67.40,0,0,1,0,3.6,0
Kuwait,0,1,98.0,0,2,0,96.1,1,0,0,2,0,1,"2,432",0,0,0,1,0,0,1,1,1,0.2,1,1,1,1,0,0,1,"30,358",1,74.69,0,1,1,1,0,0,0,0,0,1,0,0,0,0,1,0,0,99.9,1,1,1,0,4,0,0.03,1,1,0,0,0,0,0.0,5,1,0.8,0,1,1,0,2,0,0,1,1,61.1,0,0,100.0,0,4,3.2,1,2,1,1,1,0,0.8,0,0,0,0,1,0,1,0,100.0,100.0,3.8,1,0,467.1,1,1,2,124.2,1,1,3,8,0,0,1,1,0,0,0,1,1,0,260.8,200,0,99,0,0,2,0.6,142,0,0,0,0,0,0.7303,0,704.8,41,3,80.70,0,0,1,0,4.7,0
Burkina Faso,0,0,14.0,0,2,1,34.6,1,0,0,1,0,0,46,0,0,0,0,1,0,0,0,0,11.1,1,1,0,1,0,0,1,787,1,60.36,0,1,1,1,0,0,0,0,0,1,0,0,0,0,1,0,1,79.8,1,0,1,2,4,0,-2.19,0,0,0,0,0,0,0.0,16,0,0.4,1,1,0,1,0,0,0,1,1,50.9,0,0,28.7,0,2,2.8,0,2,1,0,0,0,0.5,0,0,0,0,2,0,2,0,53.9,22.5,4.8,0,0,36.3,0,1,2,93.5,0,0,2,1,1,8,0,0,0,0,0,0,1,1,4.7,40,0,88,0,0,1,0.4,16,0,0,0,0,1,0.3897,0,63.0,41,1,30.10,1,0,1,0,19.8,0
Timor-Leste,0,0,25.2,0,2,1,58.3,1,0,0,2,0,0,68,0,0,0,0,1,0,0,0,0,6.7,1,1,1,1,0,0,1,"2,038",1,68.88,2,1,0,0,0,0,0,0,0,0,0,1,0,0,1,0,0,56.7,1,0,1,4,1,0,-7.53,0,1,0,0,0,0,0.0,81,0,0.6,1,1,1,1,2,0,0,0,1,,0,0,30.2,0,3,3.2,0,2,2,1,0,0,0.3,0,0,0,0,0,0,2,0,70.2,44.0,7.2,0,0,10.8,0,0,2,119.3,0,0,2,1,0,3,0,0,0,0,0,0,0,0,7.8,590,0,92,0,0,3,0.4,3,0,0,0,0,1,0.5239,0,130.4,35,0,43.40,0,0,1,0,1.3,0
El Salvador,0,0,29.0,0,0,1,88.5,1,0,0,1,0,1,387,1,1,1,1,1,0,0,0,0,0.5,1,1,1,1,0,0,1,"4,065",1,73.51,0,1,1,2,0,1,0,1,0,0,0,1,0,0,1,1,0,99.9,0,1,1,13,1,0,-2.12,1,0,0,0,0,1,1.0,0,0,0.7,1,1,0,1,1,0,0,1,1,64.1,0,0,71.3,0,4,2.7,1,3,2,0,0,0,0.6,1,0,0,0,2,0,1,0,93.0,91.1,6.0,1,0,162.8,1,0,2,130.0,0,0,2,13,0,10,0,0,0,0,0,0,1,0,159.6,130,0,85,0,0,4,0.5,26,0,0,1,1,1,0.6077,1,40.5,35,1,63.20,0,0,1,0,6.4,0
Tonga,0,0,40.0,0,2,1,99.4,1,0,0,2,0,0,205,0,0,0,0,1,0,0,0,0,0.3,0,1,0,0,0,0,1,"4,266",1,73.03,0,1,1,2,0,0,0,0,0,0,0,0,0,0,1,0,0,95.5,1,0,0,4,0,0,0.00,0,0,0,0,0,0,0.0,14,0,0.7,1,1,0,1,0,0,0,1,1,,0,0,23.2,0,4,,0,3,2,0,0,0,0.5,0,0,0,0,0,0,1,0,99.9,93.5,,0,0,34.2,0,0,2,74.7,0,0,3,3,0,3,0,0,0,0,0,0,1,0,55.8,260,0,99,0,0,3,0.5,0,0,0,0,0,1,0.5838,0,388.1,,2,49.60,0,0,1,0,0.1,0
Sudan,0,0,28.0,0,0,0,61.3,0,0,0,2,0,0,58,0,0,0,0,1,0,0,0,1,4.0,1,1,2,0,0,0,1,915,1,64.49,2,1,0,1,0,0,0,0,0,2,0,0,0,0,1,0,1,77.7,0,0,0,8,1,1,0.00,1,0,0,0,0,0,0.0,12,0,0.5,0,1,1,1,0,0,0,0,1,49.6,0,0,34.4,0,1,2.0,0,1,1,0,0,0,0.2,0,0,0,0,0,0,1,0,58.9,34.6,2.1,0,0,220.1,1,1,2,70.7,0,0,2,22,0,8,0,0,0,0,0,0,1,0,28.0,80,0,90,0,0,2,0.4,38,0,0,0,0,1,0.4360,0,115.7,16,0,45.80,0,0,1,0,41.3,0
Nicaragua,0,1,24.6,0,2,2,78.0,1,0,0,1,0,0,297,1,1,0,1,1,0,0,1,0,0.7,0,1,1,1,0,0,1,"2,087",1,75.40,2,1,0,2,1,1,0,1,0,2,0,0,0,0,1,0,0,88.0,0,1,1,7,1,0,-2.33,1,1,0,1,0,1,0.0,3,0,0.7,1,1,1,1,0,0,0,1,1,66.4,0,0,58.3,1,2,2.7,1,0,0,0,1,0,0.4,1,0,0,0,0,0,0,0,82.3,76.3,3.6,0,0,156.1,1,0,2,130.0,1,0,2,4,0,0,0,1,0,0,0,1,1,0,91.4,90,0,99,0,1,3,0.5,13,0,0,1,0,1,0.5441,0,138.4,25,1,61.20,0,0,1,0,6.3,0
South Korea,1,0,95.1,0,2,4,99.9,1,0,0,2,0,1,"1,604",1,1,1,1,0,0,1,1,1,0.1,1,1,2,1,0,0,1,"31,665",1,82.02,2,1,3,4,0,1,1,1,1,1,0,1,0,0,1,1,1,100.0,1,1,1,5,4,1,-1.14,1,1,0,1,0,1,1.0,2,0,0.9,1,1,1,0,2,1,1,1,1,77.4,0,0,81.5,0,2,3.1,1,1,4,1,1,1,1.0,1,0,0,0,2,0,2,1,99.6,99.9,8.0,1,0,903.3,1,1,2,124.9,1,1,3,37,1,1,1,1,0,0,0,1,1,1,232.6,"1,150",1,97,0,1,4,0.8,"1,620",1,1,0,1,1,0.9369,1,689.8,57,3,90.30,0,1,1,0,51.2,1
Turkmenistan,0,0,18.0,0,2,1,99.7,1,0,0,2,0,0,207,0,0,0,1,1,0,0,0,1,0.5,0,1,1,0,0,0,1,"9,333",1,67.84,1,1,0,2,0,0,0,0,0,1,0,0,0,0,1,0,0,100.0,0,0,1,4,1,1,0.00,0,0,0,0,0,0,1.0,5,0,0.7,1,1,0,1,0,0,0,1,1,59.5,0,0,51.2,0,2,2.7,0,2,0,1,0,0,0.1,0,0,1,0,0,0,0,0,94.5,96.6,1.7,0,0,851.0,0,1,2,130.0,0,0,1,29,0,0,0,0,0,0,0,1,1,0,229.1,740,0,99,0,0,3,,55,0,0,0,0,0,0.6543,0,476.9,20,1,61.60,0,0,1,0,5.9,0
Australia,1,1,86.5,1,2,4,99.9,1,1,0,3,0,1,"3,094",1,1,2,1,1,0,1,1,1,0.3,1,1,2,1,1,1,1,"57,236",1,82.50,2,1,4,3,0,1,0,1,0,2,0,1,1,1,1,1,1,99.7,1,1,1,4,4,1,-0.24,1,1,0,1,0,1,1.0,10,1,0.9,1,1,1,1,1,1,1,1,1,72.9,1,1,85.9,1,4,3.6,1,3,4,1,1,1,1.0,1,0,0,0,2,0,2,1,100.0,100.0,9.1,1,0,858.1,1,1,2,112.7,1,0,4,56,1,2,1,1,0,1,0,1,1,1,349.6,380,1,95,0,1,3,0.8,"1,418",1,0,1,1,0,0.8909,1,"1,256.6",77,3,95.90,0,0,1,1,24.8,1
Myanmar,0,1,25.1,1,0,0,75.6,1,0,0,2,0,1,58,0,0,1,1,1,0,0,0,0,1.5,1,1,1,0,0,1,1,"1,236",1,66.61,2,1,0,1,0,0,0,1,0,2,0,0,0,0,1,1,0,60.2,2,0,1,10,0,0,-6.89,1,0,0,1,0,1,0.0,23,0,0.6,1,1,0,1,0,0,0,1,1,59.0,1,0,30.3,0,1,2.6,0,1,1,0,0,0,0.2,0,0,0,0,1,0,1,0,67.5,64.7,3.8,1,0,215.4,1,1,2,89.8,1,0,2,6,0,5,0,0,0,0,0,1,1,1,56.8,90,1,83,0,1,2,0.5,67,0,1,1,0,1,0.5442,1,93.0,29,1,41.60,0,0,1,0,53.9,0
Iran,0,0,60.4,0,2,0,85.5,1,0,0,1,0,1,853,0,0,1,1,1,0,0,1,0,0.0,0,1,2,1,0,0,1,"5,105",1,75.95,2,1,0,1,0,0,0,0,0,2,0,1,0,0,1,0,0,99.0,2,0,1,0,2,0,0.00,0,1,0,1,0,0,0.0,10,0,0.8,1,1,1,1,2,0,1,1,1,65.5,0,0,74.4,0,2,2.5,1,0,1,0,1,0,0.6,0,0,0,0,0,0,1,0,94.9,88.3,2.5,0,0,606.6,1,0,2,107.3,1,0,2,14,0,6,0,1,0,0,0,0,1,1,149.1,150,1,99,0,1,2,0.6,419,0,0,0,0,0,0.5390,0,155.1,28,2,71.80,1,0,1,0,82.0,0
Portugal,0,0,73.8,1,2,3,94.5,1,0,1,3,0,1,"1,844",1,1,2,1,1,0,0,1,1,0.3,1,1,1,1,0,1,1,"23,147",1,81.13,2,1,3,4,0,1,0,0,1,2,0,0,0,0,1,1,1,98.9,1,1,1,7,3,1,-1.30,1,1,0,0,0,1,0.0,,0,0.8,1,1,1,1,1,0,0,1,1,74.0,0,0,64.7,1,4,3.7,1,3,3,0,1,1,0.9,1,0,0,0,2,0,2,0,99.9,99.4,7.8,0,0,771.1,1,1,2,113.9,1,0,3,61,1,9,1,1,1,1,1,1,1,0,442.6,340,1,98,0,1,3,0.8,238,0,0,1,0,1,0.9122,0,637.7,64,4,85.70,0,0,1,0,10.3,1
Angola,0,0,13.0,0,2,0,66.0,0,0,0,2,0,0,82,0,0,0,1,1,0,0,1,0,9.6,1,1,0,1,0,0,1,"3,207",1,61.55,0,1,0,1,0,0,0,0,0,0,0,0,0,0,1,0,1,46.9,1,0,0,8,2,0,-1.00,0,1,0,0,0,1,0.0,1,0,0.6,1,0,0,0,0,0,0,1,1,49.6,0,0,64.8,0,3,3.0,0,2,3,0,1,0,0.4,0,0,0,0,0,0,1,0,41.0,39.4,3.6,0,0,65.4,1,0,2,44.7,0,0,2,1,0,8,0,0,0,0,0,1,1,0,14.4,80,0,71,0,0,3,0.4,99,0,0,0,0,1,0.5239,0,144.2,19,1,33.40,0,0,1,0,30.8,0
Algeria,0,0,42.9,0,2,1,75.1,1,0,0,1,0,1,676,0,0,1,0,1,0,0,0,0,0.2,0,1,1,1,0,0,1,"4,155",1,76.08,0,1,1,2,0,0,0,0,0,0,0,0,0,0,1,0,1,96.6,1,1,0,13,3,0,0.15,0,1,0,0,0,0,0.0,0,0,0.8,0,0,1,1,1,0,0,0,1,67.9,0,0,72.1,0,3,2.8,0,2,0,0,0,0,0.2,0,0,0,0,0,0,1,0,93.5,87.5,3.5,0,0,308.3,0,0,2,120.7,0,0,2,34,0,6,0,0,0,0,0,0,1,0,120.7,190,0,95,0,1,2,0.5,175,0,0,0,0,0,0.5584,0,194.7,35,1,63.10,0,0,1,0,42.1,0
Bosnia and Herzegovina,0,0,69.5,0,2,3,97.0,1,0,0,0,0,1,795,0,0,0,1,1,0,0,1,0,0.1,1,1,1,1,0,1,1,"5,849",1,76.91,0,1,1,3,0,0,0,0,0,2,0,0,0,0,1,1,0,99.9,0,1,0,0,1,1,0.00,1,1,0,1,0,0,0.0,,0,0.8,0,1,1,1,0,0,0,1,1,67.3,0,0,47.9,1,3,3.0,1,1,1,0,1,1,0.4,0,0,0,0,0,0,1,0,97.7,94.8,5.0,1,0,322.2,1,0,2,98.1,1,0,1,20,0,1,0,0,1,0,0,1,1,0,188.6,350,0,69,0,1,2,0.6,21,0,0,0,0,0,0.8341,0,588.5,38,1,72.20,0,0,1,0,3.5,0
Singapore,1,1,84.4,1,2,3,97.0,1,0,0,4,0,1,"2,227",1,1,1,1,1,1,0,1,1,0.2,1,1,2,0,0,1,1,"64,043",1,82.80,2,1,4,4,0,0,0,1,0,2,0,1,0,0,1,1,0,99.6,2,1,1,2,4,0,-0.50,1,1,0,0,0,0,0.0,6,0,0.9,1,1,1,1,1,0,0,1,1,71.3,0,0,100.0,1,4,3.7,1,3,3,0,1,1,1.0,1,0,1,0,2,0,1,0,100.0,100.0,6.4,1,0,"1,273.0",1,1,2,130.0,0,1,4,15,1,1,1,1,0,0,0,0,1,0,227.6,240,0,95,0,1,3,0.9,361,1,0,0,0,1,0.9331,0,712.0,85,4,90.60,0,0,1,1,5.6,0
Brunei,0,0,90.0,0,2,1,96.1,1,0,0,4,0,0,"1,720",0,0,1,1,1,0,0,0,0,0.2,1,1,0,0,0,1,1,"29,874",0,77.20,0,1,2,3,0,0,0,0,0,0,0,1,0,0,1,0,0,100.0,1,0,1,4,4,0,-1.37,0,0,0,1,0,0,0.0,16,0,0.9,1,1,1,1,2,0,0,1,0,,0,0,77.3,0,4,,0,3,0,0,0,0,0.7,1,0,0,0,1,0,0,0,99.5,96.3,,0,0,91.9,1,0,2,127.1,0,0,3,7,0,3,0,1,0,0,0,1,1,0,174.6,270,0,97,0,0,3,,13,0,0,0,0,0,0.7644,0,651.2,63,3,76.40,0,0,1,0,0.4,0
Niue,0,0,79.6,0,2,0,83.3,1,0,0,4,0,1,433,0,0,0,0,1,0,0,0,0,0.2,0,1,0,0,0,0,1,"5,800",1,72.80,0,1,2,2,0,0,0,0,0,0,0,0,0,0,0,0,0,100.0,1,0,0,4,0,0,-0.18,0,0,0,0,0,0,0.0,,0,,0,0,0,1,0,0,0,0,0,,0,0,44.8,0,4,,0,3,3,0,0,0,,0,0,0,0,0,0,1,0,98.2,96.8,,0,0,43.2,0,0,2,37.9,0,0,1,,0,3,0,0,0,0,0,1,0,0,184.0,318,0,99,0,0,4,,0,0,0,0,0,0,0.6015,0,981.6,,2,57.66,0,0,1,1,0.0,0
Norway,1,0,96.5,0,2,3,99.9,1,0,0,4,0,1,"5,281",1,1,0,1,1,1,0,1,1,0.0,1,1,2,1,1,1,1,"81,911",1,82.51,2,1,4,4,0,1,0,0,0,0,0,1,0,0,1,1,1,99.1,2,1,1,1,4,1,0.07,1,1,0,1,0,1,0.0,18,1,1.0,1,1,1,1,2,1,1,1,1,81.2,0,1,81.9,0,4,3.5,1,4,4,1,1,0,1.0,1,0,1,0,2,0,2,0,100.0,98.1,9.9,0,1,900.7,1,0,2,107.8,1,1,4,74,1,0,1,1,0,1,0,1,1,1,438.5,390,1,96,0,1,3,0.8,436,1,0,1,1,0,0.9519,0,"1,782.4",84,3,96.60,0,0,1,1,5.3,0
Guinea,0,1,9.8,0,2,0,32.0,1,0,0,1,0,0,13,0,1,0,0,1,0,0,0,0,10.3,0,1,1,0,0,1,1,945,1,60.02,0,1,0,0,0,0,0,0,0,0,0,0,0,0,0,0,1,62.7,0,0,1,14,3,0,-1.47,0,1,0,0,0,0,0.0,5,0,0.5,1,1,1,1,0,0,0,0,1,52.1,1,0,35.8,0,3,2.9,0,3,2,0,0,0,0.3,1,0,0,0,0,0,0,0,67.4,22.0,3.1,1,0,53.6,0,1,2,87.1,0,0,0,1,0,9,0,0,0,0,0,1,1,1,7.5,30,1,65,0,0,2,0.4,12,0,0,0,0,1,0.3976,0,36.8,28,0,26.40,0,0,1,0,13.1,1
Solomon Islands,0,0,11.0,0,2,1,83.3,1,0,0,3,0,1,82,0,0,0,0,1,0,0,0,0,6.8,0,1,0,0,0,0,1,"2,150",1,70.73,0,1,1,0,0,0,0,1,0,0,0,0,0,0,0,0,0,86.2,1,1,0,4,0,0,-2.00,0,0,0,0,0,0,0.0,,0,0.5,0,0,0,1,0,0,0,1,1,,0,0,23.3,0,4,,0,3,3,0,0,0,0.2,0,0,0,0,0,0,2,0,64.0,31.3,,0,0,5.4,0,0,2,76.1,0,0,1,,0,3,0,0,0,0,0,1,0,0,19.1,140,0,84,0,0,3,0.4,1,0,0,0,0,1,0.3976,0,178.0,44,0,32.40,0,0,1,0,0.6,0
Oman,0,0,76.9,0,2,0,96.1,1,0,0,2,0,0,"2,520",0,1,1,1,1,0,0,0,1,0.2,0,1,1,0,0,0,1,"17,124",1,77.03,2,1,2,2,0,0,0,1,0,2,0,1,0,0,1,1,1,99.1,1,1,1,6,3,1,0.00,1,1,0,0,0,0,0.0,3,0,0.8,1,1,1,1,2,0,0,1,1,63.9,0,0,83.6,1,4,3.0,0,2,1,1,0,0,0.8,0,0,0,0,1,0,1,0,90.9,99.3,3.0,0,0,167.2,1,1,2,130.0,1,0,3,9,1,5,0,0,0,0,0,1,1,0,191.5,160,0,99,0,1,3,0.6,79,0,0,0,1,0,0.7358,0,415.3,52,4,76.20,0,0,1,0,4.6,0
Belarus,1,0,74.4,0,2,3,99.6,1,0,0,3,0,1,707,0,0,0,1,1,0,0,0,1,0.0,1,1,1,1,0,1,1,"5,973",0,73.83,0,1,0,2,0,0,0,0,0,0,0,1,0,0,1,1,0,99.8,1,1,1,2,3,0,0.96,1,1,0,0,0,0,0.0,,0,0.8,0,0,0,1,1,0,0,1,0,76.0,0,0,78.1,1,4,2.9,1,1,0,1,0,0,0.7,0,0,0,0,0,0,0,0,98.0,94.3,3.1,0,0,412.2,1,0,2,120.6,1,1,1,,0,3,0,1,0,1,0,0,0,0,407.0,"1,100",0,97,0,1,3,,57,0,0,1,0,0,0.8697,0,"1,141.9",44,1,79.00,1,0,1,0,9.5,0
Central African Republic,0,1,4.0,0,0,1,36.8,1,0,0,0,0,0,4,0,0,0,1,1,0,0,0,0,33.1,1,1,1,0,0,0,1,477,1,52.17,0,1,0,0,0,0,0,0,0,0,0,0,0,0,0,0,1,40.0,0,0,1,5,3,0,-0.25,1,0,0,1,0,0,0.0,5,0,0.4,1,1,0,1,0,0,0,0,1,37.7,0,0,41.0,0,0,1.7,0,1,1,0,0,0,0.2,0,0,0,0,2,0,1,0,54.1,25.1,1.5,0,0,12.9,0,1,2,27.2,0,0,2,1,0,7,0,0,0,0,0,1,1,0,4.7,100,1,50,0,0,1,,2,0,0,0,0,1,0.3266,1,25.2,26,0,18.60,1,0,1,0,4.7,0
Barbados,0,0,79.5,0,2,0,99.6,1,0,0,2,0,0,607,0,0,1,0,1,0,0,0,0,0.4,0,1,0,0,0,0,1,"17,920",0,75.91,2,1,3,3,0,0,0,0,0,0,0,1,0,0,1,0,0,99.0,1,0,0,6,0,1,0.00,0,0,0,0,0,0,0.0,3,0,0.8,1,1,1,1,1,0,0,1,0,,0,0,31.2,0,4,,0,4,3,0,1,0,0.7,0,0,0,0,0,0,2,0,98.1,96.5,,0,0,597.7,0,0,2,118.2,0,0,3,17,0,4,0,0,0,0,0,1,1,0,181.1,580,0,92,0,0,4,,5,0,0,1,1,1,0.7161,0,485.6,68,3,70.80,0,0,1,0,0.3,0
Liberia,0,0,7.3,0,2,0,42.9,1,0,0,2,0,0,19,0,1,1,0,1,0,0,0,1,11.7,0,1,0,1,0,0,1,677,1,62.51,0,1,1,0,0,0,0,0,0,0,0,0,0,0,1,1,1,61.1,0,1,0,8,3,0,-3.11,1,0,0,0,0,0,0.0,,1,0.4,1,1,0,1,0,0,0,0,1,48.3,1,0,50.7,1,3,3.1,0,3,2,0,0,1,0.3,0,1,0,0,2,0,2,0,69.9,16.9,5.4,0,0,62.9,1,1,2,67.6,1,0,1,,1,7,0,0,0,0,0,1,0,1,2.3,80,1,87,0,0,2,0.3,3,0,0,0,1,1,0.3444,1,45.6,32,0,32.20,0,0,1,0,4.9,1
Paraguay,0,1,61.1,0,2,1,95.1,1,0,0,2,0,0,396,0,1,0,1,1,0,0,1,0,0.3,0,1,1,1,0,0,1,"5,932",1,73.12,0,1,1,2,0,1,0,0,0,0,0,0,0,0,1,0,0,95.5,1,1,1,2,3,0,-7.98,0,1,0,0,0,1,0.0,12,0,0.7,1,1,1,1,1,0,0,1,1,67.2,0,0,61.3,0,3,2.9,1,4,1,0,1,1,0.6,1,0,0,0,0,0,2,0,98.9,91.2,6.2,0,0,290.7,1,0,2,109.6,1,0,2,12,0,4,0,0,0,0,0,1,1,0,128.6,130,0,80,0,0,3,0.5,41,0,0,0,0,0,0.5326,0,104.9,29,1,56.70,0,0,1,0,6.9,1
Malta,0,0,80.1,0,2,3,93.3,1,0,0,3,0,1,"2,216",0,0,0,0,1,0,0,0,1,0.0,0,1,1,1,0,1,1,"30,596",1,81.80,2,1,3,3,0,1,0,0,0,0,0,0,0,0,1,0,0,99.8,2,1,0,3,4,1,0.00,0,1,0,0,0,1,0.0,7,0,0.9,1,0,1,1,0,0,0,1,0,74.2,0,0,94.5,0,4,,0,3,3,0,0,0,0.8,0,0,0,0,0,0,2,0,100.0,100.0,8.2,0,0,"1,221.0",1,0,2,130.0,0,0,3,32,1,1,0,0,0,1,0,1,1,1,390.8,470,0,91,0,1,3,0.7,15,0,0,1,0,0,0.7844,0,914.1,54,1,89.90,0,0,1,0,0.5,0
Congo (Brazzaville),0,0,8.1,0,0,0,79.3,1,0,0,1,0,0,111,0,0,0,0,1,0,0,0,0,14.9,1,1,0,0,0,0,1,"1,877",1,64.63,0,1,0,1,0,0,0,0,0,0,0,0,0,0,1,1,1,91.2,1,0,0,2,2,0,-0.41,0,0,0,0,0,0,0.0,4,0,0.6,0,0,0,1,0,0,0,0,1,52.4,0,0,66.5,0,3,2.7,0,2,0,0,0,0,0.2,0,0,0,0,0,0,1,0,68.3,15.0,3.3,0,0,130.9,0,0,2,96.1,0,0,3,1,1,6,0,0,0,0,0,1,1,0,9.5,160,0,80,0,0,3,0.4,10,0,0,0,1,1,0.4216,0,82.4,19,1,34.10,0,0,1,0,5.4,0
São Tomé and Príncipe,0,0,28.0,0,2,0,90.1,0,0,0,2,0,0,79,0,0,0,0,1,0,0,0,0,8.6,0,1,0,0,0,0,1,"2,224",1,66.62,0,1,1,0,0,0,0,0,0,0,0,0,0,0,1,0,1,92.5,1,0,0,8,2,0,-2.00,0,0,0,0,0,0,0.0,,0,0.6,0,0,0,1,0,0,0,0,1,,0,0,72.0,0,3,,0,2,1,0,0,0,0.1,0,0,0,0,0,0,2,0,79.7,40.1,,0,0,28.4,0,0,2,85.0,0,0,2,,0,8,0,0,0,0,0,0,0,0,54.1,290,0,90,0,0,3,,0,0,0,0,0,1,0.4624,0,205.7,46,1,39.30,0,0,1,0,0.2,0
Dominica,0,0,67.0,0,2,0,94.2,1,0,0,2,0,1,373,0,0,0,0,1,0,0,0,0,1.0,0,1,0,0,0,0,1,"6,438",1,77.40,0,1,2,2,0,0,0,0,0,0,0,0,0,0,1,0,0,96.0,1,0,0,6,0,0,-3.55,0,0,0,0,0,0,0.0,,0,0.7,1,0,1,0,0,0,0,0,1,,0,0,70.2,0,4,,0,3,3,0,0,0,0.6,0,0,0,0,0,0,1,0,96.5,77.9,,0,0,169.2,0,0,2,106.7,0,0,1,,0,4,0,0,0,0,0,1,0,0,178.0,380,0,77,0,0,4,,0,0,0,1,0,1,0.6543,0,628.8,57,2,61.90,0,0,1,0,0.1,0
Luxembourg,0,0,97.8,0,2,4,99.9,1,0,0,4,1,0,"5,176",0,0,0,0,1,0,0,0,1,0.2,1,1,1,1,0,1,1,"117,800",1,82.29,2,1,4,3,0,1,0,0,0,0,0,0,0,0,1,0,0,99.9,2,1,1,3,4,1,0.00,0,1,0,0,0,1,0.0,,0,0.9,1,0,1,1,1,0,1,1,1,76.1,0,0,90.7,0,4,,1,2,4,0,0,0,0.9,1,0,0,0,0,0,2,0,100.0,97.6,8.8,0,0,716.1,1,0,2,130.0,0,1,4,,1,2,0,1,0,1,0,1,0,1,292.1,480,0,99,0,1,3,0.7,70,0,0,1,0,0,0.9341,0,"1,232.6",81,4,96.00,0,0,1,0,0.6,0
Turkey,0,1,64.7,0,2,4,96.2,1,0,0,1,0,1,854,0,0,1,1,1,1,0,1,1,0.0,1,1,1,1,0,1,1,"9,333",1,75.76,0,1,1,2,0,0,0,0,1,2,0,1,1,0,1,1,0,97.4,2,1,1,11,2,1,1.36,1,1,0,1,0,0,0.0,3,0,0.8,1,1,1,1,2,0,1,1,1,66.0,0,0,74.6,0,2,2.0,1,0,1,0,1,0,0.9,1,0,0,0,2,0,0,0,98.9,96.4,4.4,0,0,179.4,1,0,2,96.4,1,1,4,24,1,0,0,0,0,0,0,1,1,1,174.9,270,1,96,0,1,2,0.6,765,0,1,0,1,1,0.6826,0,261.7,41,2,74.40,0,0,1,0,81.9,0
Cameroon,0,0,23.2,0,0,0,71.3,1,0,0,1,0,1,23,0,1,0,1,1,0,0,0,1,7.6,1,1,1,0,0,0,1,"1,566",1,58.07,1,1,1,0,0,0,0,0,0,2,0,0,0,0,1,1,1,64.7,1,1,1,3,3,0,-4.65,0,0,0,0,0,0,0.0,18,0,0.6,1,1,1,1,0,0,0,0,1,55.8,1,0,55.8,0,2,2.5,0,1,0,0,0,0,0.5,1,0,0,0,0,0,1,0,65.3,38.8,3.3,0,1,117.7,1,1,2,81.9,0,0,2,1,0,0,0,1,0,0,0,1,1,1,8.3,130,1,77,0,1,1,0.4,39,0,0,0,1,1,0.4312,0,52.0,25,1,31.90,0,0,1,0,24.7,0
Morocco,0,0,61.8,0,2,0,69.4,1,0,0,1,0,0,218,0,0,0,1,1,0,0,0,1,0.2,1,1,1,1,0,1,1,"3,274",1,75.82,2,1,1,2,0,0,0,1,0,2,0,0,0,0,1,1,0,73.6,1,1,1,12,4,0,0.38,1,0,0,0,0,0,0.0,2,0,0.7,1,1,0,1,0,0,1,1,1,66.3,0,0,61.9,1,3,2.9,1,2,1,1,0,0,0.7,0,0,0,0,1,0,1,0,83.0,83.5,5.0,1,1,226.4,1,1,2,122.9,0,0,3,5,0,8,0,0,0,0,0,0,1,0,61.8,110,1,99,0,1,2,0.5,118,0,0,0,0,0,0.5176,0,87.2,43,2,57.60,1,0,1,0,36.2,1
Burundi,0,0,5.2,0,0,0,61.6,1,0,0,1,0,1,15,0,0,0,0,1,0,0,0,0,30.3,1,1,1,0,0,0,1,352,1,57.48,0,1,0,0,0,0,0,0,0,0,0,0,0,0,1,0,1,85.1,1,0,0,8,1,0,3.32,0,0,0,0,0,0,0.0,29,0,0.4,0,0,1,1,0,0,0,0,1,49.8,0,0,12.7,0,2,2.5,0,0,0,1,0,0,0.3,0,0,0,0,0,0,0,0,55.9,50.5,2.3,0,0,15.3,1,1,2,54.5,0,0,1,1,0,11,0,0,0,0,0,0,1,0,2.6,80,0,90,0,0,1,0.4,4,0,0,0,0,1,0.5293,0,17.6,17,1,27.40,1,0,1,0,10.9,0
Italy,0,0,61.3,0,2,4,98.8,1,0,0,2,0,1,"2,552",1,1,0,1,1,0,0,1,1,1.4,1,1,1,1,0,1,1,"35,004",1,82.54,2,1,2,2,0,1,0,0,0,2,0,0,0,0,1,1,1,99.9,0,1,1,10,3,1,1.83,0,1,0,0,0,1,0.0,6,1,0.9,1,0,1,1,2,0,0,1,1,74.2,0,0,70.1,0,4,3.2,1,3,2,0,1,0,1.0,1,0,0,0,1,0,1,0,100.0,99.3,7.7,1,0,791.9,1,0,2,130.0,1,1,2,38,1,9,1,1,0,1,0,1,1,1,402.1,340,1,92,1,1,2,0.8,"2,075",0,0,1,0,0,0.9133,0,571.8,52,3,94.90,1,0,1,1,59.3,0
San Marino,0,0,49.6,0,2,3,99.9,1,0,0,4,0,0,"3,081",0,0,0,0,1,0,0,0,0,0.2,0,1,0,0,0,0,1,"48,888",1,83.40,0,1,4,3,0,0,0,0,0,0,0,1,0,0,1,1,0,99.1,1,1,0,4,4,1,0.00,0,1,0,0,0,0,0.0,3,0,,0,0,0,1,2,0,0,1,0,,0,0,97.1,0,4,,0,4,4,0,0,0,0.4,0,0,0,0,0,0,1,0,100.0,100.0,,1,0,720.0,0,0,2,113.8,0,0,4,57,0,3,0,0,0,0,0,0,1,0,636.3,380,0,82,0,0,4,,2,0,0,0,0,0,0.8427,0,908.5,,4,90.69,0,0,1,0,0.0,0
Monaco,0,0,95.2,0,2,1,99.9,0,0,0,4,0,0,"2,402",0,0,0,0,1,0,0,0,0,0.2,1,1,0,1,0,0,1,"168,011",1,89.40,0,1,4,4,0,1,0,0,0,0,0,0,0,0,1,0,0,99.1,1,1,0,4,4,0,0.00,0,0,0,0,0,0,0.0,,0,,1,0,0,1,1,0,1,1,1,,0,0,100.0,0,4,,1,3,4,0,0,0,0.6,0,0,0,0,0,0,2,0,100.0,100.0,,0,0,213.2,1,0,2,85.2,0,0,4,,0,3,0,0,0,0,0,1,0,1,664.5,"1,380",0,88,0,0,4,,6,0,0,0,0,0,0.8427,0,"2,052.1",,4,90.69,0,0,1,0,0.0,0
Poland,0,1,76.0,0,2,3,94.5,1,0,0,2,0,1,"1,244",0,1,0,1,1,0,0,1,1,0.2,1,1,1,1,0,1,1,"15,316",0,77.45,2,1,2,3,0,1,0,1,0,0,0,0,0,0,1,0,0,99.8,0,1,0,6,4,1,0.77,0,1,0,1,0,1,0.0,,0,0.9,1,1,1,0,0,0,0,1,1,73.7,0,0,60.1,0,4,3.3,1,2,3,0,1,0,0.9,0,0,0,0,1,0,1,1,97.9,98.1,6.7,1,0,409.4,1,0,2,130.0,1,1,3,4,1,2,1,1,0,1,0,1,1,1,229.0,650,1,94,0,1,4,0.7,586,0,0,1,1,1,0.8679,1,569.4,60,2,82.40,0,0,1,0,38.2,0
Switzerland,0,0,93.7,0,2,4,99.9,1,0,0,3,1,1,"4,939",0,1,1,1,1,0,0,1,1,0.0,1,1,2,1,1,1,1,"82,546",1,82.90,2,1,4,3,0,1,0,0,1,2,0,0,0,0,1,1,0,100.0,2,1,1,3,4,0,0.94,1,1,0,1,0,0,0.0,7,0,0.9,0,1,1,1,2,1,1,0,1,80.1,0,0,73.8,1,4,3.6,1,2,4,1,1,1,0.8,0,0,0,0,2,0,2,0,100.0,99.9,9.0,1,0,"2,325.7",1,1,2,130.0,1,1,4,34,1,5,1,1,1,0,0,1,1,0,424.8,470,1,95,0,1,4,0.8,705,0,1,1,1,0,0.9607,1,"1,823.0",85,4,95.60,0,0,1,1,8.5,1
United Arab Emirates,0,1,94.8,0,2,2,90.0,1,0,0,4,0,1,"1,845",0,0,0,1,1,0,0,0,1,0.2,1,1,2,1,0,1,1,"43,402",1,77.26,2,1,2,4,0,0,1,0,0,2,0,0,0,0,1,1,1,99.9,2,1,1,0,4,1,0.15,1,1,0,0,0,1,0.0,1,0,0.9,0,1,1,0,1,0,0,0,1,69.2,0,0,86.2,0,4,3.2,0,1,3,1,1,0,0.9,0,0,0,0,2,0,0,0,99.6,100.0,2.8,0,0,472.7,0,1,2,130.0,1,1,4,12,1,0,0,1,0,1,0,1,1,0,155.8,120,1,99,0,1,3,0.7,414,0,0,0,1,1,0.7679,0,306.1,70,3,70.30,0,0,1,0,9.5,0
Malaysia,0,1,80.1,0,2,2,93.7,1,0,0,2,0,1,531,1,1,0,1,1,0,0,1,1,0.0,1,1,2,1,1,1,1,"11,191",1,75.30,2,1,2,3,0,1,1,1,0,2,0,1,0,0,1,1,1,99.4,2,1,1,4,4,0,3.26,1,0,0,1,0,1,0.0,2,0,0.8,1,1,1,0,1,0,1,0,1,70.0,0,0,75.4,0,3,3.5,1,3,3,0,1,0,0.9,1,0,0,0,2,1,2,0,96.4,99.6,6.9,1,0,395.7,1,0,2,130.0,1,0,4,8,1,4,1,0,0,1,0,1,1,1,153.3,190,1,93,0,1,3,0.6,359,0,0,1,0,1,0.7130,0,412.4,47,2,68.10,0,0,1,0,32.0,0
Tanzania,0,1,13.0,0,2,0,77.9,1,0,0,2,0,0,45,0,0,0,1,1,0,0,0,0,15.4,1,1,0,0,0,1,1,968,1,65.68,2,1,1,1,0,0,0,0,0,0,0,0,1,0,1,1,1,63.5,1,0,1,17,3,0,-4.33,1,0,0,0,0,0,1.0,8,0,0.5,1,0,1,1,1,0,0,0,1,55.1,0,0,33.1,0,3,3.1,0,3,1,0,0,0,0.6,0,0,0,0,0,0,1,0,50.1,23.5,5.4,0,1,24.5,1,1,1,69.7,0,0,2,1,1,12,0,0,1,0,0,1,1,1,2.2,70,0,99,0,0,3,0.4,57,0,0,0,0,1,0.4632,0,41.6,36,1,33.90,0,0,1,0,59.1,0
Yemen,0,0,24.6,0,0,0,52.5,0,0,0,0,0,0,72,0,0,0,0,1,0,0,0,0,4.5,1,1,0,0,0,0,1,591,1,64.95,0,1,0,0,0,0,0,0,0,0,0,0,0,0,1,0,1,44.7,0,0,0,27,2,0,0.00,0,0,0,0,0,0,0.0,2,0,0.5,1,0,0,1,0,0,0,0,1,45.7,0,0,36.0,0,0,1.6,0,0,0,0,0,0,0.1,0,0,0,0,0,0,1,0,70.4,59.7,2.0,0,0,117.0,1,0,2,59.6,0,0,0,1,1,32,0,0,0,0,0,0,1,0,31.1,70,0,73,0,0,0,0.4,17,0,0,0,0,1,0.1655,0,75.7,14,0,43.30,0,0,1,0,28.5,0
Romania,0,1,63.7,0,2,3,98.6,1,0,0,2,0,1,901,0,1,0,1,1,0,0,1,1,1.9,0,1,1,1,0,0,1,"12,234",1,75.01,0,1,2,3,0,1,0,0,0,2,0,1,0,0,1,1,0,95.2,0,1,0,9,2,1,2.22,0,1,0,0,0,1,0.0,14,0,0.8,1,1,1,1,1,0,0,1,1,71.2,0,0,53.9,0,4,3.4,1,3,3,0,1,1,0.7,0,0,0,0,2,0,2,0,100.0,81.8,6.4,0,1,239.1,1,0,2,114.6,1,1,3,46,1,0,0,0,0,1,0,1,1,1,266.9,630,1,87,0,1,3,0.6,240,0,0,1,0,0,0.6895,0,641.5,47,2,78.30,1,0,1,0,19.6,0
Armenia,1,0,64.3,0,2,2,99.7,1,0,0,2,0,1,144,0,1,1,1,1,1,1,1,1,0.3,1,1,1,1,0,0,1,"4,233",1,74.62,1,1,1,2,1,0,0,0,0,1,0,0,0,0,1,1,0,99.8,1,1,0,0,1,0,0.01,1,0,0,0,0,0,0.0,22,0,0.8,1,1,1,0,0,0,1,1,1,69.3,0,0,63.1,0,1,2.7,0,1,2,1,1,0,0.6,1,0,0,0,2,0,1,1,98.9,91.6,4.8,1,0,707.2,1,1,2,119.0,1,0,1,30,0,1,1,0,0,1,0,1,1,1,280.3,420,1,96,0,1,3,0.6,12,0,0,0,1,0,0.7376,0,542.3,35,1,70.70,0,0,1,0,2.9,0
Tuvalu,0,0,46.0,0,2,0,99.0,1,0,0,3,0,0,508,0,0,0,0,1,0,0,0,0,0.4,0,1,0,0,0,0,1,"3,550",1,67.20,0,1,2,3,0,0,0,0,0,0,0,0,0,0,1,0,0,93.1,1,0,0,4,0,0,0.00,0,0,0,0,0,0,0.0,,0,,0,0,1,1,0,0,0,1,0,,0,0,61.5,0,4,,0,4,3,0,0,0,0.2,0,0,0,0,0,0,1,0,99.3,91.4,,0,0,4.0,1,0,0,68.5,0,0,1,,0,3,0,0,0,0,0,0,0,0,109.1,560,0,95,0,0,4,0.6,0,0,0,0,0,1,0.6015,0,581.8,,2,57.66,0,0,1,0,0.0,0
Uzbekistan,0,0,46.8,0,2,2,100.0,1,0,0,2,0,0,192,0,0,0,1,1,0,0,1,0,22.1,1,1,2,0,0,0,1,"1,605",1,71.31,0,1,1,0,0,0,0,0,0,2,0,0,0,0,1,1,0,100.0,1,1,0,12,3,1,-0.19,0,0,0,0,0,0,0.0,20,0,0.7,1,1,1,1,0,0,0,1,1,70.3,0,0,50.6,0,3,2.8,0,2,0,0,1,0,0.8,0,0,0,0,0,0,1,0,91.2,100.0,2.0,0,0,217.8,1,0,2,76.0,1,0,1,42,0,23,0,0,0,0,0,1,1,0,245.1,400,0,99,0,1,2,,52,0,0,1,1,1,0.7255,0,"1,249.6",23,1,62.90,0,0,1,0,32.4,0
North Korea,0,0,0.0,0,2,0,77.0,1,0,0,2,0,1,,0,0,0,0,1,0,0,0,0,,0,1,1,0,0,0,1,"1,700",1,71.69,2,1,0,1,0,0,0,0,0,0,0,0,0,0,0,0,1,100.0,0,0,0,,3,0,-10.53,0,1,0,0,0,0,0.0,,0,,0,0,1,1,0,0,0,0,1,,0,0,61.7,0,1,2.1,0,0,0,0,0,0,0.0,0,0,0,0,0,0,0,0,99.6,77.1,1.1,0,0,,0,0,2,14.2,0,0,1,,0,,0,0,0,0,0,1,0,0,350.7,"1,320",0,99,0,0,3,,28,0,0,0,0,0,,0,409.1,14,3,53.40,0,0,0,0,25.6,0
Kenya,0,1,16.6,0,2,1,78.7,1,0,0,3,0,1,52,0,1,2,1,1,1,0,0,0,11.6,1,1,0,1,0,1,1,"1,725",1,67.03,2,1,1,0,0,1,0,1,0,2,0,0,0,0,1,1,1,61.8,1,1,1,12,3,1,0.64,0,1,0,0,0,1,1.0,10,0,0.6,1,1,1,1,0,0,0,1,1,56.8,1,1,26.6,0,2,2.7,0,1,2,0,0,0,0.6,1,0,1,0,2,0,1,0,58.5,29.8,5.1,0,1,39.8,1,1,2,86.1,1,1,1,4,1,1,0,0,1,0,0,1,1,1,20.4,140,0,68,0,1,1,0.5,88,0,0,0,1,1,0.4506,0,158.2,27,0,39.50,0,0,1,0,51.0,0
Latvia,0,1,81.3,0,2,3,99.9,1,0,0,2,0,1,868,1,1,2,1,1,0,1,1,1,0.4,1,1,2,1,0,1,1,"18,007",1,74.53,1,1,3,3,0,1,0,1,0,2,0,1,0,0,1,1,0,99.9,1,1,1,0,3,1,0.79,1,1,0,1,0,1,1.0,2,0,0.8,1,0,1,1,2,0,1,1,0,74.7,0,0,68.1,0,4,3.3,1,1,3,1,1,1,0.7,1,0,0,0,2,0,2,0,98.6,92.9,7.4,1,0,708.3,1,1,2,126.4,1,1,3,97,1,0,1,0,0,1,0,1,1,1,320.9,580,1,96,1,1,2,0.7,35,0,0,0,0,0,0.8041,1,490.3,58,2,80.70,0,0,1,1,1.9,0
Gambia,0,0,18.5,0,2,1,42.0,1,0,0,2,0,1,14,0,1,0,1,1,0,0,0,0,2.2,1,1,1,0,0,0,1,748,1,61.19,0,1,1,1,0,0,0,1,0,0,0,0,0,0,0,0,0,57.2,1,1,0,3,4,0,1.66,0,0,0,0,0,0,1.0,14,0,0.5,1,1,0,1,0,0,0,0,1,51.6,0,0,60.6,0,3,3.1,0,3,1,0,0,0,0.3,1,0,0,0,2,1,1,0,80.1,41.7,4.3,0,0,17.5,1,1,2,130.0,0,0,2,1,0,6,0,0,0,0,0,1,1,1,10.7,110,0,90,0,0,3,0.4,2,0,0,0,0,1,0.3772,1,161.8,37,1,35.70,0,0,1,0,2.2,0
Ireland,0,1,84.5,0,2,4,99.9,1,0,0,2,1,1,"3,819",1,1,1,1,1,0,0,1,1,0.2,1,1,2,1,0,1,1,"78,282",1,81.61,2,1,3,3,0,1,0,1,0,2,0,0,0,0,1,1,1,99.7,1,1,1,0,4,1,0.85,1,0,0,0,0,1,0.0,,0,0.9,1,1,1,1,0,1,1,1,1,77.5,0,1,62.9,0,3,3.6,1,3,4,0,1,0,0.8,1,0,0,0,2,0,2,0,98.9,92.2,9.2,1,0,688.5,1,0,2,102.9,1,1,3,83,1,0,0,1,0,1,0,1,1,1,296.1,280,1,92,0,1,3,0.8,376,1,0,1,0,0,0.8906,1,"1,239.8",73,3,94.60,0,0,1,0,4.8,1
Kyrgyz Republic,0,0,34.5,0,2,2,99.2,1,0,0,2,0,0,94,1,1,1,1,0,0,0,0,1,0.2,1,1,1,1,0,1,1,"1,254",1,70.95,0,1,0,2,0,0,0,0,0,2,0,0,1,0,1,0,0,98.4,1,0,0,7,3,0,-1.05,1,1,1,0,0,0,0.0,,0,0.7,1,0,0,0,0,0,0,1,1,70.3,0,0,36.1,1,3,2.9,1,2,2,0,0,0,0.6,1,0,0,0,2,0,1,0,87.3,96.6,5.1,1,0,138.3,1,1,2,121.9,1,0,2,44,0,6,0,0,1,1,0,1,1,1,185.4,450,0,95,0,1,3,0.6,8,0,0,0,1,1,0.6079,1,636.1,29,1,60.60,1,0,1,0,6.1,1
Mexico,0,0,63.9,1,2,4,94.9,1,0,0,2,0,1,507,1,1,2,1,1,0,0,1,1,0.6,1,1,1,1,0,1,1,"9,360",1,77.12,2,1,1,3,0,1,0,1,0,2,0,0,0,0,1,1,0,97.7,0,1,1,11,4,0,-0.52,0,0,0,1,0,1,0.0,,0,0.8,1,1,1,1,1,1,1,1,1,65.2,0,0,79.9,1,3,2.4,1,1,2,0,1,1,0.9,1,0,0,0,2,0,1,0,98.3,89.2,6.2,1,0,392.4,1,0,2,88.5,1,1,2,31,1,5,1,1,0,1,0,1,1,0,223.1,150,1,79,1,1,2,0.6,"1,224",0,0,1,1,1,0.6570,0,264.5,28,2,66.30,0,0,1,0,130.8,0
Chile,1,0,82.3,0,2,1,96.9,1,0,0,2,0,1,"1,171",0,1,1,1,1,1,0,1,0,0.8,1,1,2,1,0,1,1,"16,388",1,79.52,2,1,3,3,0,0,0,0,0,2,0,0,0,0,1,1,1,99.7,1,1,1,1,2,1,2.63,1,1,0,1,0,1,0.0,3,0,0.8,1,1,1,0,1,0,1,1,1,72.8,0,1,87.5,0,4,3.4,1,3,4,0,1,1,0.8,1,0,0,0,2,0,2,0,100.0,99.9,8.0,1,0,696.1,1,0,2,127.5,0,0,4,9,1,0,1,0,0,0,0,1,1,1,103.3,220,0,93,0,1,3,0.7,298,1,0,1,0,0,0.6807,1,14.5,67,2,77.90,0,0,1,1,18.2,0
Guinea-Bissau,0,0,3.8,0,0,0,45.6,1,0,0,0,0,0,43,0,0,0,0,1,0,0,0,0,30.5,0,1,0,0,0,0,1,792,1,57.40,0,1,0,0,0,0,0,0,0,0,0,0,1,0,1,0,0,45.0,1,0,0,8,0,0,-3.56,0,0,0,0,0,0,1.0,4,0,0.5,1,0,0,1,0,0,0,0,1,,0,0,42.9,0,2,2.8,0,2,1,0,0,0,0.1,0,0,0,0,0,0,1,0,69.2,21.5,2.0,0,0,34.7,0,0,2,77.1,0,0,1,1,0,8,0,0,0,0,0,0,1,0,4.5,100,0,66,0,0,3,,2,0,0,0,0,1,0.3976,0,55.1,16,0,23.40,0,0,1,0,1.9,0
Mauritania,0,0,18.0,0,2,1,51.2,1,0,0,1,0,1,60,0,0,0,1,1,0,0,0,1,1.4,0,1,0,1,0,0,1,"1,097",1,63.24,0,1,1,1,0,0,0,0,0,2,0,0,0,0,0,0,1,69.3,0,1,0,7,3,0,-0.04,0,0,0,0,0,0,1.0,,0,0.5,1,1,0,1,0,0,0,0,1,51.6,0,0,52.8,0,4,2.7,0,2,1,0,0,0,0.2,0,0,0,0,0,0,1,0,69.6,44.6,3.8,0,0,83.4,1,1,2,92.2,0,0,1,,0,10,0,0,0,0,0,0,0,1,6.8,40,0,86,0,0,2,0.4,5,0,0,0,0,1,0.3834,0,66.7,27,0,40.60,0,0,1,0,4.5,0
Bulgaria,1,0,63.4,0,2,4,98.4,1,0,0,3,0,0,798,1,1,0,1,1,0,0,1,1,0.5,0,1,1,1,0,1,1,"9,256",1,74.61,0,1,2,3,0,1,0,0,0,2,0,0,0,0,1,1,0,99.8,1,1,1,3,3,0,1.61,0,1,0,0,0,1,0.0,12,0,0.8,1,0,0,1,1,0,0,1,1,73.1,0,0,74.7,0,4,3.4,1,2,3,0,1,1,0.8,1,0,0,0,0,0,2,0,99.3,86.0,7.0,0,0,756.7,1,0,2,120.4,1,1,2,69,1,0,0,1,0,1,0,1,1,1,399.9,680,1,94,0,1,3,0.7,65,1,0,1,1,0,0.7826,0,531.8,42,2,77.20,0,0,1,0,7.0,0
Nepal,0,1,19.7,0,2,0,59.6,1,0,0,1,0,1,29,0,1,0,1,1,0,0,0,0,3.1,1,1,1,0,1,0,1,985,1,70.25,2,1,1,1,0,0,0,0,0,2,0,0,0,0,1,0,1,58.0,0,1,0,12,1,1,0.00,1,0,0,1,0,0,0.0,66,0,0.6,0,1,1,1,1,0,1,1,1,62.8,0,0,19.3,0,3,3.0,0,3,2,0,0,0,0.7,0,0,0,0,2,0,1,0,87.7,46.1,5.2,0,0,86.5,1,0,2,123.2,0,0,2,2,0,7,0,0,0,1,0,0,1,0,59.8,30,0,90,0,0,3,0.5,29,0,0,0,0,1,0.5204,1,204.1,31,0,40.00,0,0,1,0,29.6,0
Trinidad and Tobago,0,0,73.3,0,2,1,98.7,1,0,0,2,0,0,"1,151",0,0,1,0,1,0,0,0,0,0.4,1,1,0,1,0,0,1,"16,494",1,70.67,0,1,1,3,0,0,0,0,0,0,0,0,0,0,1,1,0,100.0,1,0,0,0,2,1,1.33,1,0,0,0,0,0,0.0,7,0,0.8,1,1,1,1,0,0,0,0,0,67.5,0,0,53.2,0,4,2.9,1,3,3,0,0,0,0.6,0,0,0,0,2,0,2,0,96.9,92.1,7.2,0,0,874.0,1,0,2,130.0,0,0,2,26,0,4,0,1,0,0,0,1,1,0,182.1,300,0,93,0,0,3,0.6,23,0,0,1,1,1,0.6760,0,328.1,41,2,64.30,0,0,1,0,1.4,0
Cyprus,0,1,80.7,0,0,3,98.7,1,0,0,3,0,1,958,0,1,1,1,1,0,0,1,1,0.0,1,1,1,1,0,1,1,"28,341",1,80.51,2,1,3,2,0,1,0,1,0,0,0,0,0,0,1,1,0,97.4,2,1,1,5,4,0,-0.02,0,0,0,0,0,1,0.0,11,0,0.9,1,1,0,1,1,1,1,1,0,70.4,0,0,66.8,0,4,3.1,0,2,3,0,1,0,0.8,0,0,0,0,2,0,1,0,100.0,99.4,7.6,0,0,"1,020.1",1,0,2,130.0,1,0,3,23,1,7,0,0,0,1,0,1,1,1,249.6,340,0,90,0,1,3,0.8,24,0,0,1,0,0,0.9146,0,411.7,59,3,90.30,0,0,1,0,0.9,0
Djibouti,0,0,55.7,0,0,1,52.5,0,0,0,2,0,0,56,0,0,0,0,1,0,0,0,0,7.5,1,1,0,0,0,0,1,"2,002",1,62.47,0,1,0,2,0,0,0,0,0,0,0,0,0,0,1,0,0,87.4,1,0,0,6,2,0,0.00,0,0,0,0,0,0,1.0,11,0,0.5,0,0,0,1,0,0,0,1,1,50.6,0,0,77.6,0,2,2.8,0,2,0,0,0,0,0.3,0,0,0,0,0,0,1,0,76.9,51.4,2.9,0,0,31.5,1,1,0,39.0,0,0,4,3,0,5,0,0,0,0,0,0,1,0,22.9,140,0,79,0,0,2,,2,0,0,0,0,1,0.3976,0,55.7,31,2,35.00,0,0,1,0,1.0,0
St Vincent and The Grenadines,0,0,65.6,1,2,0,94.2,1,0,0,2,0,0,314,0,0,0,0,1,0,0,0,0,1.0,1,1,0,0,0,0,1,"8,158",1,73.18,0,1,2,3,0,0,0,0,0,0,0,1,0,0,1,0,0,99.0,1,0,0,6,0,0,2.05,0,1,0,1,0,0,0.0,13,0,0.7,1,0,0,1,2,0,0,0,1,,0,0,51.8,0,4,,0,3,3,0,0,0,0.5,0,0,0,0,2,0,1,0,95.1,87.2,,0,0,83.9,0,0,2,105.7,0,0,3,24,0,4,0,0,0,0,0,1,1,1,57.4,260,0,99,0,0,4,,1,0,0,1,1,1,0.6543,0,440.8,58,2,57.40,0,0,1,0,0.1,0
Rwanda,0,0,20.0,0,2,1,70.8,1,0,0,3,0,0,44,1,0,1,1,0,0,0,0,1,20.2,1,1,1,1,0,0,1,727,1,67.13,0,1,2,1,0,0,0,1,0,2,0,0,0,0,1,1,0,90.7,1,1,0,5,2,1,3.63,0,1,0,0,0,1,0.0,30,0,0.5,1,0,1,0,1,0,0,1,1,56.1,0,0,17.1,0,3,3.0,0,1,0,0,0,0,0.7,1,0,0,0,1,0,0,0,56.7,62.3,3.4,0,0,8.3,1,1,2,72.2,1,0,1,15,0,11,0,0,1,0,0,0,1,1,6.4,160,1,99,0,0,2,0.4,9,0,0,0,0,1,0.6187,0,83.2,56,1,36.00,1,0,1,0,12.5,0
Thailand,1,1,52.9,0,1,1,92.9,1,1,1,2,1,1,496,1,1,2,1,0,1,1,1,1,0.0,1,1,2,1,1,1,1,"7,302",1,75.30,2,1,2,2,0,0,1,1,0,2,0,1,0,1,1,1,0,99.1,1,1,1,0,4,1,0.59,1,1,0,1,0,1,0.0,2,0,0.8,1,1,0,0,1,0,1,1,1,69.2,0,1,49.2,1,2,2.7,1,2,0,1,1,1,0.6,1,0,1,0,2,0,1,2,98.2,95.0,4.6,1,0,76.9,1,1,2,130.0,1,1,2,13,1,1,1,1,1,0,0,1,1,1,47.0,210,1,99,0,1,1,0.6,505,1,1,1,1,1,0.6067,1,229.4,36,2,69.50,0,0,1,1,69.2,1
Cook Islands,0,0,0.7,0,2,0,83.3,1,0,0,2,0,0,"1,007",0,0,0,0,1,0,0,0,0,0.2,0,1,1,1,0,0,1,"16,700",1,76.20,0,1,1,2,0,0,0,1,0,0,0,0,0,0,0,0,0,100.0,1,0,0,4,1,0,0.00,0,0,0,0,0,1,0.0,,0,,0,0,0,1,0,0,0,0,0,,0,0,75.1,0,4,,0,4,2,0,0,0,,0,0,0,0,0,0,1,0,99.9,97.6,,0,0,43.2,1,0,2,42.9,0,0,0,,0,3,0,0,0,0,0,0,0,0,119.1,318,0,98,0,0,2,,0,0,0,1,0,0,0.6015,0,575.7,,0,85.32,0,0,1,0,0.0,0
South Sudan,0,1,6.7,0,0,0,26.8,1,0,0,0,0,0,28,0,1,1,0,1,0,0,0,1,18.9,0,1,0,0,0,0,1,237,1,56.81,0,1,0,0,0,0,0,0,0,1,0,0,0,0,1,0,1,19.4,1,0,0,5,2,0,0.00,0,0,0,0,0,0,0.0,22,0,0.4,0,0,0,0,0,0,1,0,0,,0,0,19.3,0,1,1.5,0,1,0,0,0,0,0.1,0,0,0,0,1,0,1,0,50.4,10.4,,0,0,37.6,0,1,0,12.0,0,0,0,1,0,9,0,1,1,0,0,0,1,0,1.5,76,0,75,0,0,0,0.3,3,0,0,0,0,1,0.3976,0,121.8,13,0,26.80,0,0,1,0,12.6,0
New Zealand,1,1,88.5,0,2,4,99.9,1,0,0,4,0,1,"2,882",1,1,1,1,1,0,0,1,1,0.2,1,1,2,1,0,1,1,"41,807",1,81.61,2,1,4,3,0,0,0,0,1,0,0,0,0,0,1,1,0,96.3,2,1,1,1,1,1,-0.09,1,1,0,1,0,0,0.0,28,0,0.9,1,1,1,1,0,1,1,1,1,77.9,0,0,86.5,1,4,3.8,0,3,4,0,1,1,1.0,1,0,0,0,2,0,2,0,100.0,100.0,9.3,0,0,497.5,1,0,2,130.0,1,0,4,56,1,0,0,1,0,0,0,1,1,0,306.1,280,0,93,0,1,3,0.8,203,1,1,1,0,1,0.8643,0,"1,114.8",87,3,92.40,0,0,1,1,4.9,0
Malawi,0,0,11.5,0,2,0,62.1,0,0,0,1,0,0,32,0,0,0,0,1,0,0,0,0,33.6,1,1,1,1,0,0,1,369,1,63.22,0,1,0,0,0,0,0,1,0,0,0,0,0,0,1,0,1,89.8,0,1,0,16,0,0,-2.55,0,0,0,0,0,0,0.0,7,0,0.5,1,0,1,1,1,0,1,1,1,50.0,0,0,16.7,0,4,3.2,0,3,2,0,0,0,0.3,0,0,0,0,0,0,1,0,67.2,43.5,5.5,0,0,13.1,1,0,2,41.7,0,0,2,0,1,7,0,0,0,0,0,0,1,1,1.9,130,0,83,0,1,4,0.4,7,0,0,0,1,1,0.3805,0,28.3,32,1,32.20,0,0,1,0,19.1,0
Belize,0,0,44.6,0,2,0,94.2,1,0,0,2,0,0,359,0,0,0,0,1,0,0,0,0,1.0,1,1,1,0,0,0,1,"5,196",1,70.38,1,1,2,1,0,0,0,1,0,0,0,0,0,0,1,1,0,96.8,1,0,0,6,0,1,-2.20,0,0,0,0,0,0,1.0,2,0,0.7,1,0,1,0,1,0,0,1,1,62.3,0,0,45.6,0,3,,0,2,2,0,0,0,0.3,1,0,0,0,2,0,1,0,97.1,87.2,,0,0,123.8,0,0,2,61.9,0,0,2,6,0,4,0,0,0,0,0,1,1,0,82.8,130,0,90,0,0,4,,2,0,0,1,0,1,0.6142,0,195.9,,2,55.70,0,0,1,0,0.4,0
Iraq,0,1,49.4,0,0,2,43.7,1,0,0,0,0,0,154,0,1,0,0,1,0,0,0,0,0.4,0,1,1,0,0,0,1,"5,401",1,69.86,0,1,0,0,0,0,0,0,0,0,0,0,0,0,1,0,1,70.4,1,0,0,11,1,0,0.01,0,1,0,0,0,0,0.0,0,0,0.7,1,0,0,1,0,0,0,0,1,53.7,0,0,70.3,0,1,1.6,0,0,1,0,0,0,0.3,1,0,0,0,0,0,1,0,86.1,85.7,4.1,1,0,377.5,1,0,2,87.1,0,0,1,10,0,0,0,0,0,0,0,0,1,0,85.4,140,0,85,0,1,0,0.4,212,0,0,0,0,0,0.4940,0,181.0,18,0,51.10,0,0,1,0,39.3,0
Fiji,0,0,46.5,0,2,1,83.3,1,0,0,3,0,0,200,0,0,1,1,1,0,0,0,0,0.2,0,1,0,0,0,0,1,"5,733",1,70.27,2,1,2,2,0,0,0,0,0,0,0,0,0,0,1,0,0,99.9,1,0,0,4,1,0,1.41,0,0,0,0,0,0,0.0,26,0,0.7,1,1,0,1,0,0,0,1,1,,0,0,55.7,0,4,,0,4,2,0,0,0,0.5,0,0,0,0,2,0,1,0,93.7,95.7,5.9,0,0,64.6,0,0,2,114.2,1,0,3,2,0,3,0,0,0,0,0,0,1,0,83.7,230,0,96,0,0,4,,5,0,0,0,0,0,0.6483,0,293.8,,1,47.90,0,0,1,0,0.9,0
Niger,0,1,10.2,0,0,0,30.6,1,0,0,1,0,0,15,0,1,0,1,1,0,0,0,1,13.5,1,1,1,1,0,0,1,415,1,60.06,0,1,1,0,0,0,0,1,0,2,0,0,0,0,1,0,1,39.7,1,1,1,14,3,1,-0.10,0,1,0,0,0,1,0.0,3,0,0.4,1,0,1,1,0,0,0,1,1,48.5,0,0,16.4,0,1,2.6,0,1,1,0,0,0,0.2,1,0,0,0,0,0,1,0,45.8,12.9,3.8,0,0,35.9,1,1,2,40.9,0,0,1,1,0,22,0,0,0,0,0,1,1,1,1.9,30,0,92,0,0,0,0.3,9,0,0,0,0,1,0.3511,0,13.7,34,0,28.40,0,0,1,0,22.3,0
Tajikistan,0,0,20.5,0,2,1,99.8,1,0,0,1,0,0,60,0,0,0,1,1,0,0,0,1,1.0,1,1,0,0,0,0,1,847,1,71.05,2,1,0,0,0,0,0,0,0,0,0,0,0,0,1,1,0,98.0,0,0,0,13,0,0,0.04,0,0,0,0,0,0,0.0,,0,0.7,1,1,0,1,1,0,0,1,1,67.2,0,0,27.0,0,2,2.8,0,1,0,0,0,1,0.3,1,0,0,0,0,0,0,0,74.1,95.5,1.9,0,0,137.7,1,0,2,107.6,1,0,1,57,0,14,0,0,1,0,0,0,1,1,171.4,480,1,98,0,0,2,0.5,8,0,1,0,1,1,0.6835,0,527.5,25,1,51.70,0,0,1,0,9.1,0
Equatorial Guinea,0,0,23.8,0,2,0,95.0,1,0,0,2,0,0,197,0,0,0,0,1,0,0,0,0,3.5,0,1,0,0,0,0,1,"9,289",1,57.68,0,1,0,2,0,0,0,0,0,0,0,0,0,0,1,0,0,68.3,0,0,0,8,3,0,-4.16,0,0,0,0,0,0,0.0,,0,0.6,0,0,0,1,0,0,0,0,1,,0,0,71.6,0,3,3.0,0,2,0,0,0,0,0.0,0,0,0,0,0,0,0,0,49.6,74.5,1.9,0,0,610.9,0,0,2,47.1,0,0,2,,0,8,0,0,0,0,0,0,0,0,25.2,210,0,53,0,0,3,,12,0,0,0,0,1,0.5239,0,44.7,16,2,49.30,0,0,1,0,1.3,0
Philippines,0,0,55.5,0,1,0,96.4,1,0,0,2,0,1,108,0,1,1,1,0,0,0,0,1,4.4,0,1,1,1,0,1,1,"3,103",1,69.09,2,1,1,1,1,1,1,1,0,2,0,0,0,0,1,0,0,72.8,2,1,1,0,1,1,4.20,1,1,0,0,0,0,0.0,5,0,0.7,1,1,1,0,0,0,0,1,1,65.0,0,0,46.7,0,0,2.5,1,2,3,0,0,0,0.9,1,0,0,0,1,0,2,1,90.5,75.0,6.7,1,0,184.6,1,0,2,110.4,1,0,2,4,1,1,0,0,1,1,0,1,1,0,111.0,100,1,89,0,1,1,0.5,331,0,0,0,0,1,0.5726,0,24.0,36,1,51.20,0,0,1,0,106.5,0
Ghana,0,0,34.7,0,2,1,71.5,1,0,0,3,0,1,73,0,1,1,0,1,0,0,0,1,3.5,0,1,1,1,0,0,1,"2,225",1,62.74,2,1,2,2,0,1,0,0,0,0,0,0,0,0,1,0,0,70.8,1,1,1,14,3,1,1.25,0,1,0,0,0,0,0.0,3,0,0.6,1,1,1,1,1,0,0,1,1,62.8,0,1,55.4,0,3,3.2,0,3,3,0,0,0,0.7,1,0,0,0,0,0,1,0,77.8,14.3,6.6,0,0,71.6,1,1,2,127.5,0,0,2,0,0,12,0,0,1,0,0,0,1,1,9.6,90,0,95,0,0,2,0.4,66,0,0,0,0,1,0.4619,0,92.6,41,1,39.30,0,0,1,0,29.5,0
Lithuania,0,0,77.6,0,2,4,99.8,1,0,0,2,0,1,"1,298",0,1,1,1,1,0,0,0,1,0.5,0,1,1,1,0,1,1,"18,530",1,74.32,2,1,3,3,0,1,0,0,0,2,0,1,0,0,1,1,0,100.0,1,1,1,3,3,1,0.84,0,1,0,0,0,1,0.0,,0,0.9,1,1,1,1,2,0,1,1,1,72.9,0,0,67.5,0,4,3.3,1,2,3,1,0,0,0.8,1,0,0,0,2,0,2,0,97.4,93.6,7.5,1,0,639.8,1,1,2,130.0,1,1,2,112,1,0,0,0,0,1,0,1,1,1,437.9,730,1,94,0,1,3,0.7,53,0,0,1,1,1,0.8767,1,805.0,59,2,80.50,0,0,1,1,2.9,0
Spain,0,0,84.6,0,2,3,98.3,1,0,0,2,0,1,"2,322",1,1,2,1,1,0,1,1,1,0.6,1,1,1,1,1,1,1,"30,768",1,82.83,2,1,3,3,0,1,0,0,0,2,0,1,0,0,1,1,1,99.1,0,1,1,5,4,1,1.91,1,1,0,1,0,1,0.0,,0,0.9,1,1,1,1,2,0,1,1,1,75.4,0,1,80.1,1,4,3.3,1,3,3,0,1,1,0.9,1,0,0,0,2,0,2,0,99.9,99.9,8.1,1,0,776.7,1,0,2,113.2,1,1,4,147,1,1,1,1,0,1,0,1,1,1,387.2,300,1,97,0,1,3,0.7,"1,428",0,0,1,1,0,0.9199,1,532.4,58,4,91.90,0,0,1,0,46.4,0
Czech Republic,1,1,78.7,0,2,3,99.9,1,0,0,3,0,1,"2,034",1,1,0,1,1,0,1,1,1,0.0,1,1,1,1,0,1,1,"23,000",1,78.33,2,1,3,3,0,1,0,0,0,0,0,1,0,0,1,1,0,99.8,1,1,1,4,3,0,0.27,0,1,0,0,0,1,0.0,36,0,0.9,1,1,1,1,1,0,0,1,1,78.7,0,0,73.7,0,4,3.6,1,2,3,0,1,1,0.7,1,0,0,0,0,0,2,1,99.9,99.1,7.7,0,0,373.3,1,0,2,119.0,1,1,3,75,1,2,1,0,0,1,0,1,1,1,367.7,650,0,97,0,1,4,0.8,244,1,0,1,0,1,0.8759,0,841.7,59,3,89.00,0,0,1,1,10.6,0
Qatar,0,1,94.3,0,2,0,97.7,1,0,0,3,0,0,"3,205",0,0,0,1,1,0,0,0,1,0.2,1,1,1,0,0,1,1,"71,251",1,78.18,0,1,2,4,0,1,0,1,0,2,0,1,0,0,1,0,1,99.9,2,1,0,6,4,0,0.00,0,1,0,0,0,0,0.0,4,0,0.9,1,1,1,1,2,0,1,0,1,60.8,0,0,99.1,0,3,3.3,1,1,2,1,0,0,0.8,0,0,0,0,1,0,0,0,100.0,100.0,3.2,0,0,335.7,1,1,2,130.0,0,0,2,16,0,5,1,1,0,0,0,0,1,0,196.4,120,0,99,0,1,3,0.6,192,0,0,0,0,0,0.7942,1,570.0,62,3,81.70,0,0,1,0,2.7,0
Papua New Guinea,0,0,9.6,0,2,0,61.6,1,0,0,1,0,0,65,0,0,1,0,1,0,0,0,0,14.8,1,1,0,0,0,0,1,"2,333",1,65.54,0,1,1,0,0,0,0,1,0,0,0,0,0,0,1,0,1,53.0,1,0,0,4,1,0,-0.06,0,0,0,0,0,0,1.0,1,0,0.5,1,1,0,1,0,0,0,1,1,,0,0,13.1,0,3,2.9,0,2,1,0,0,0,0.3,0,0,0,0,0,0,2,0,36.6,18.6,6.0,0,0,7.2,1,0,2,46.8,0,0,2,0,0,3,0,0,1,0,0,1,1,0,5.5,318,0,43,0,0,3,0.4,20,0,0,0,0,1,0.2587,0,53.2,28,0,31.80,0,0,1,0,8.4,0
Grenada,0,0,55.9,0,2,1,98.6,1,0,0,3,0,1,308,0,0,0,0,1,0,0,0,0,1.0,0,1,0,1,0,0,1,"10,790",0,73.66,0,1,2,3,0,0,0,1,0,0,0,0,0,0,1,0,0,99.3,1,0,0,6,0,0,0.00,0,0,0,0,0,0,0.0,,0,0.8,1,0,0,1,1,0,0,1,0,,0,0,36.2,0,4,,0,3,3,0,0,0,0.5,0,0,0,0,0,0,1,0,95.6,78.3,,0,0,430.5,0,0,2,105.0,0,0,2,,0,4,0,0,0,0,0,1,0,0,66.8,370,0,85,0,0,4,,1,0,1,1,1,1,0.6543,0,385.4,52,3,58.50,0,0,1,0,0.1,0
Iceland,0,1,98.2,0,2,2,99.9,1,0,0,4,0,1,"3,460",0,1,0,1,1,0,0,0,1,0.0,1,1,1,1,0,1,1,"74,278",1,82.47,0,1,4,4,0,0,0,0,0,0,0,1,1,0,1,1,0,97.9,1,1,1,0,4,1,0.13,1,1,0,1,0,1,0.0,,0,0.9,1,1,1,1,2,0,0,1,0,79.7,0,0,93.8,0,4,3.9,1,3,4,0,0,0,0.7,0,0,0,0,0,0,2,0,100.0,98.8,9.6,0,0,716.1,1,0,2,122.6,0,0,3,59,1,0,0,1,0,0,0,1,1,0,379.1,320,0,92,0,0,4,0.7,26,0,0,0,0,0,0.9381,0,"1,517.6",76,3,97.10,0,0,1,1,0.3,0
Colombia,0,1,62.3,0,0,2,94.7,1,0,0,2,0,1,526,1,1,0,1,1,0,0,0,1,1.8,1,1,1,1,0,1,1,"6,691",1,74.38,1,1,2,3,0,0,0,0,0,0,0,0,1,0,1,0,0,99.2,1,1,0,11,1,1,-1.27,0,1,1,0,0,0,0.0,32,0,0.7,1,1,1,1,0,0,0,1,1,66.6,0,0,80.4,0,2,2.3,1,3,3,1,0,1,0.9,1,0,0,0,0,0,1,0,96.5,84.4,7.0,0,0,167.3,1,0,2,126.8,1,0,2,31,1,2,1,0,0,0,0,1,1,1,182.1,150,0,93,0,1,2,0.6,331,0,0,1,0,0,0.6166,0,108.0,36,1,68.50,0,0,1,0,49.5,0
Mongolia,0,1,22.3,0,2,1,98.3,1,0,0,2,0,1,265,0,0,1,1,1,0,1,0,1,0.1,1,1,1,1,0,1,1,"4,095",1,69.29,2,1,2,2,0,1,0,0,0,2,0,0,0,0,1,0,0,98.9,1,1,1,0,4,0,0.52,0,0,0,0,0,0,1.0,27,0,0.7,1,1,1,1,0,0,0,1,1,63.9,0,0,68.4,0,4,3.2,0,2,4,0,0,0,0.6,1,0,0,0,0,1,1,0,83.2,59.2,6.5,1,1,167.4,1,1,2,126.4,1,0,2,64,1,0,0,0,1,0,0,1,1,1,326.2,700,0,99,0,0,4,0.6,13,0,0,0,0,1,0.6990,0,406.8,37,2,53.40,0,0,1,0,3.1,0
Cuba,1,1,43.0,1,2,3,99.8,1,0,0,2,0,1,"2,202",0,0,0,0,1,0,0,1,0,1.0,1,1,1,0,1,0,1,"9,243",1,79.74,0,1,1,1,0,0,0,0,0,2,0,0,0,0,1,1,0,99.9,2,1,0,6,2,0,5.50,0,1,0,1,0,1,0.0,68,1,0.8,0,0,0,1,0,0,0,0,1,71.3,0,0,77.0,0,4,2.9,0,2,1,0,1,0,0.3,0,0,0,0,1,0,0,0,95.2,90.8,3.0,0,0,253.3,1,0,2,40.2,0,0,1,44,0,4,0,0,0,0,0,1,1,0,751.9,520,0,99,0,1,4,,106,1,0,0,1,0,0.6989,0,797.6,47,2,75.50,0,0,1,0,11.5,1
Benin,0,0,12.0,0,2,0,32.9,1,0,0,2,0,0,17,0,0,0,1,1,0,0,0,0,22.4,1,1,0,1,0,0,1,878,1,60.91,0,1,1,1,0,0,0,0,0,0,0,0,1,0,1,0,1,77.2,1,0,0,14,4,0,-4.43,0,0,1,0,0,0,0.0,3,0,0.5,1,1,0,1,0,0,0,0,1,49.0,0,0,46.8,0,4,3.0,0,2,2,0,0,0,0.5,1,0,0,0,0,0,1,0,67.0,13.9,5.7,0,0,36.3,0,1,2,78.5,0,0,2,2,0,10,0,0,0,0,0,1,1,1,15.3,50,0,74,0,0,3,0.4,10,0,0,0,0,1,0.3885,0,59.8,40,1,30.80,1,0,1,0,11.5,0
Bahamas,0,0,80.0,0,2,0,99.9,1,0,0,3,0,1,716,0,0,1,0,1,0,0,0,0,0.4,1,1,0,1,0,0,1,"30,426",1,75.68,0,1,2,2,0,0,0,0,0,0,0,0,0,0,1,0,1,99.6,1,0,0,6,0,0,0.00,0,0,0,0,0,0,0.0,,0,0.8,1,1,1,1,0,1,0,1,0,,0,0,82.9,0,4,,0,3,3,0,0,0,0.7,0,0,0,0,0,0,1,0,97.8,92.0,,0,0,397.9,0,0,2,89.4,0,0,3,33,0,4,0,0,0,0,0,1,1,0,226.3,290,0,90,0,0,4,,12,0,0,1,0,1,0.6600,0,397.6,65,3,66.40,0,0,1,0,0.4,0
Indonesia,0,1,32.3,0,2,1,95.4,1,0,0,2,0,0,162,0,1,0,1,1,0,0,1,1,0.9,1,1,1,1,0,1,1,"3,963",1,69.19,2,1,2,2,1,0,0,0,0,1,0,0,0,0,1,0,0,92.6,2,1,1,3,2,1,-3.78,1,1,0,1,0,0,0.0,2,1,0.7,1,1,1,1,0,0,0,1,1,62.8,0,0,54.7,0,3,3.2,0,2,3,1,1,0,0.6,1,0,0,0,2,0,1,0,89.5,67.9,6.4,1,1,135.4,1,1,2,130.0,1,0,2,3,1,4,1,1,0,0,0,1,1,1,20.1,120,1,90,0,0,2,0.5,"1,042",1,0,1,1,1,0.5466,0,130.3,38,1,44.50,0,0,1,0,262.9,1
Suriname,0,0,45.4,0,2,1,92.9,1,0,0,2,0,0,630,0,0,0,0,1,0,0,0,0,1.0,1,1,0,0,0,1,1,"6,865",1,71.41,0,1,1,3,0,0,1,0,0,0,0,0,0,0,1,0,0,80.0,1,1,0,6,0,0,-0.25,1,1,0,0,0,0,0.0,3,0,0.7,1,1,1,1,0,0,0,0,1,68.0,0,0,66.0,0,4,,0,3,2,0,0,0,0.3,0,0,0,0,2,0,2,0,94.7,79.2,7.0,1,0,198.0,1,0,2,130.0,0,0,1,4,0,4,0,0,0,0,0,1,1,0,81.7,310,0,97,0,1,4,,4,0,0,1,0,0,0.5589,0,527.3,43,0,54.50,0,0,1,0,0.6,0
Israel,1,1,81.6,0,1,2,99.9,1,0,0,3,0,1,"1,777",0,1,0,0,1,0,0,0,1,0.3,1,1,1,1,0,1,1,"41,685",1,82.41,0,1,3,4,0,1,0,0,1,0,0,1,0,0,1,1,0,99.1,1,1,1,0,4,1,0.57,0,1,1,0,0,0,0.0,0,0,0.9,1,0,1,1,2,0,1,1,0,71.8,0,0,92.3,0,3,2.3,1,0,3,1,1,0,0.8,1,0,0,0,0,0,2,0,100.0,100.0,7.8,0,0,653.1,1,0,0,126.7,0,1,3,20,1,0,1,1,0,0,0,1,1,1,357.6,310,1,98,0,0,2,0.8,369,1,0,0,0,0,0.9022,0,507.2,61,2,84.80,0,0,1,0,8.9,0
Bolivia,0,1,39.7,0,2,2,92.5,1,0,0,1,0,1,326,0,1,1,1,1,0,0,1,1,3.0,1,1,1,1,0,1,1,"3,592",1,69.13,0,1,1,2,0,0,0,0,0,0,0,1,1,0,1,1,0,89.8,1,0,1,10,2,1,-3.47,0,1,0,0,0,1,0.0,47,0,0.7,0,1,1,1,1,0,0,1,1,68.1,0,0,69.1,0,3,3.0,0,3,1,0,1,0,0.6,1,0,0,0,0,0,2,0,92.9,52.6,5.7,0,0,139.1,0,0,2,99.2,1,0,2,75,0,8,0,0,0,0,0,1,1,0,47.3,110,0,83,0,0,3,,40,0,0,0,1,0,0.5495,0,100.6,29,1,48.80,0,0,1,0,11.2,0
Finland,0,1,87.5,1,2,4,99.9,1,0,0,2,0,1,"3,181",1,1,1,1,0,1,0,1,1,0.0,1,1,1,1,1,1,1,"49,787",1,81.78,2,1,4,4,0,0,0,1,0,2,0,1,0,0,1,1,1,99.9,2,1,1,0,4,1,0.25,1,1,0,1,0,1,0.0,1,1,0.9,1,1,1,0,2,1,1,1,1,83.0,0,0,85.3,1,3,3.5,1,2,4,1,1,1,1.0,1,0,0,0,2,0,2,0,100.0,99.4,9.1,0,1,837.0,1,1,2,130.0,1,1,3,44,1,0,1,1,0,1,0,1,1,1,319.6,440,1,94,0,1,3,0.8,276,0,1,1,1,1,0.9421,1,"1,503.2",85,4,95.90,0,0,1,1,5.5,1
Sri Lanka,0,0,32.1,0,2,0,91.9,1,0,0,1,0,0,212,0,0,1,0,1,0,0,0,0,0.1,0,1,1,1,0,1,1,"4,245",1,75.28,2,1,2,3,0,0,0,0,0,2,0,0,0,0,1,0,1,98.6,0,1,1,15,2,0,-0.82,0,1,0,0,0,0,0.0,,0,0.8,1,1,0,1,0,0,0,1,1,64.6,1,0,18.4,0,3,3.0,0,3,0,0,0,0,0.7,1,0,0,0,0,0,1,0,92.3,94.2,6.2,0,0,246.3,1,1,2,130.0,0,0,2,,0,15,0,0,0,0,1,0,1,1,88.1,360,0,99,0,0,3,0.6,89,0,0,0,0,1,0.6465,0,279.4,38,1,70.60,0,0,1,1,21.0,0
Haiti,0,1,12.2,0,2,0,48.7,1,0,0,1,0,1,15,0,1,0,1,1,0,0,0,0,7.5,1,1,1,0,0,0,1,841,1,63.33,1,1,0,0,0,0,0,0,0,0,0,1,0,0,1,0,0,41.7,0,0,1,18,0,1,-0.29,0,1,0,0,0,0,1.0,16,0,0.5,1,0,1,1,1,0,0,0,1,49.2,0,0,54.3,0,3,2.9,0,2,1,1,0,0,0.4,1,0,0,0,0,0,1,0,64.2,30.5,4.9,0,0,39.8,1,0,1,59.1,1,0,0,1,0,4,0,0,0,0,0,1,1,1,23.6,70,0,63,0,0,3,0.4,9,0,0,1,0,1,0.3988,0,10.1,20,0,32.10,0,0,1,0,11.1,0
Afghanistan,0,1,10.6,0,0,0,31.7,1,0,0,0,0,0,8,0,0,0,1,1,0,0,0,0,3.1,0,1,1,0,0,0,1,550,1,63.67,1,1,0,0,0,0,0,1,0,2,0,0,1,0,1,0,0,50.5,0,1,0,20,1,0,0.00,0,1,0,0,0,0,0.0,4,0,0.5,1,1,0,1,0,0,0,0,1,46.2,0,0,25.3,0,0,1.4,0,0,1,0,0,0,0.3,1,0,0,0,1,0,2,0,63.0,39.2,3.0,1,0,126.0,1,1,2,67.4,0,0,0,3,1,33,0,1,0,0,0,1,1,1,29.5,50,0,78,0,0,0,0.4,20,0,0,0,0,1,0.3473,1,36.0,16,0,25.90,0,0,1,0,36.4,0
eSwatini (Swaziland),0,0,26.9,0,2,1,83.1,1,0,0,1,0,1,460,0,1,1,0,1,0,0,0,0,16.6,1,1,1,0,0,0,1,"3,437",1,57.75,2,1,1,2,0,0,0,0,0,1,0,1,1,0,0,0,0,88.3,0,0,1,11,2,1,2.63,0,0,1,0,0,0,0.0,72,0,0.6,0,1,1,0,0,0,1,0,1,50.7,0,0,23.6,0,3,3.0,0,2,1,1,0,0,0.4,1,0,0,0,1,0,1,0,67.6,58.0,3.0,0,0,65.7,0,1,2,74.1,0,0,2,3,0,3,0,0,0,0,0,0,1,0,14.7,210,0,89,0,0,4,0.4,5,0,0,0,1,0,0.4310,0,138.6,38,2,40.50,0,0,1,0,1.4,0
Syria,0,0,31.9,0,0,0,52.5,0,0,0,0,0,0,,0,0,0,0,1,0,0,0,1,0.2,0,1,0,0,0,0,1,836,1,70.31,0,1,0,0,0,0,0,0,0,0,0,0,0,0,1,0,1,96.2,0,0,0,,3,0,0.13,1,1,0,1,0,0,0.0,65,0,0.5,0,0,0,1,0,0,0,0,1,55.0,0,0,53.5,0,0,1.4,0,0,0,0,0,0,0.3,0,0,0,0,0,0,0,0,96.7,92.9,1.4,0,0,,1,0,1,85.7,0,0,0,22,0,,0,0,0,0,0,0,1,0,154.6,150,0,84,0,0,0,,15,0,0,0,0,0,0.4532,0,230.2,13,1,67.20,0,0,1,0,18.3,0
