Country Name,Country Code,Series Name,Series Code,2019 [YR2019]
Afghanistan,AFG,"Population, total",SP.POP.TOTL,38041754
Afghanistan,AFG,GDP per capita (current US$),NY.GDP.PCAP.CD,507.103431871987
Albania,ALB,"Population, total",SP.POP.TOTL,2854191
Albania,ALB,GDP per capita (current US$),NY.GDP.PCAP.CD,5353.2448564014
Algeria,DZA,"Population, total",SP.POP.TOTL,43053054
Algeria,DZA,GDP per capita (current US$),NY.GDP.PCAP.CD,3973.96407191565
American Samoa,ASM,"Population, total",SP.POP.TOTL,55312
American Samoa,ASM,GDP per capita (current US$),NY.GDP.PCAP.CD,..
Andorra,AND,"Population, total",SP.POP.TOTL,77142
Andorra,AND,GDP per capita (current US$),NY.GDP.PCAP.CD,40886.3911648431
Angola,AGO,"Population, total",SP.POP.TOTL,31825295
Angola,AGO,GDP per capita (current US$),NY.GDP.PCAP.CD,2790.72661520665
Antigua and Barbuda,ATG,"Population, total",SP.POP.TOTL,97118
Antigua and Barbuda,ATG,GDP per capita (current US$),NY.GDP.PCAP.CD,17112.8211347326
Arab World,ARB,"Population, total",SP.POP.TOTL,427870270
Arab World,ARB,GDP per capita (current US$),NY.GDP.PCAP.CD,6584.74024069285
Argentina,ARG,"Population, total",SP.POP.TOTL,44938712
Argentina,ARG,GDP per capita (current US$),NY.GDP.PCAP.CD,9912.28180859803
Armenia,ARM,"Population, total",SP.POP.TOTL,2957731
Armenia,ARM,GDP per capita (current US$),NY.GDP.PCAP.CD,4622.73349328671
Aruba,ABW,"Population, total",SP.POP.TOTL,106314
Aruba,ABW,GDP per capita (current US$),NY.GDP.PCAP.CD,..
Australia,AUS,"Population, total",SP.POP.TOTL,25364307
Australia,AUS,GDP per capita (current US$),NY.GDP.PCAP.CD,55060.3261005013
Austria,AUT,"Population, total",SP.POP.TOTL,8877067
Austria,AUT,GDP per capita (current US$),NY.GDP.PCAP.CD,50137.6627762476
Azerbaijan,AZE,"Population, total",SP.POP.TOTL,10023318
Azerbaijan,AZE,GDP per capita (current US$),NY.GDP.PCAP.CD,4793.58701966989
"Bahamas, The",BHS,"Population, total",SP.POP.TOTL,389482
"Bahamas, The",BHS,GDP per capita (current US$),NY.GDP.PCAP.CD,34863.7420984795
Bahrain,BHR,"Population, total",SP.POP.TOTL,1641172
Bahrain,BHR,GDP per capita (current US$),NY.GDP.PCAP.CD,23503.977126673
Bangladesh,BGD,"Population, total",SP.POP.TOTL,163046161
Bangladesh,BGD,GDP per capita (current US$),NY.GDP.PCAP.CD,1855.73982408046
Barbados,BRB,"Population, total",SP.POP.TOTL,287025
Barbados,BRB,GDP per capita (current US$),NY.GDP.PCAP.CD,18148.2449264001
Belarus,BLR,"Population, total",SP.POP.TOTL,9466856
Belarus,BLR,GDP per capita (current US$),NY.GDP.PCAP.CD,6663.29529282582
Belgium,BEL,"Population, total",SP.POP.TOTL,11484055
Belgium,BEL,GDP per capita (current US$),NY.GDP.PCAP.CD,46420.6637668061
Belize,BLZ,"Population, total",SP.POP.TOTL,390353
Belize,BLZ,GDP per capita (current US$),NY.GDP.PCAP.CD,4815.1637107951
Benin,BEN,"Population, total",SP.POP.TOTL,11801151
Benin,BEN,GDP per capita (current US$),NY.GDP.PCAP.CD,1219.43267185875
Bermuda,BMU,"Population, total",SP.POP.TOTL,63918
Bermuda,BMU,GDP per capita (current US$),NY.GDP.PCAP.CD,117089.286273037
Bhutan,BTN,"Population, total",SP.POP.TOTL,763092
Bhutan,BTN,GDP per capita (current US$),NY.GDP.PCAP.CD,3316.17571350084
Bolivia,BOL,"Population, total",SP.POP.TOTL,11513100
Bolivia,BOL,GDP per capita (current US$),NY.GDP.PCAP.CD,3552.0687602631
Bosnia and Herzegovina,BIH,"Population, total",SP.POP.TOTL,3301000
Bosnia and Herzegovina,BIH,GDP per capita (current US$),NY.GDP.PCAP.CD,6108.51069581338
Botswana,BWA,"Population, total",SP.POP.TOTL,2303697
Botswana,BWA,GDP per capita (current US$),NY.GDP.PCAP.CD,7961.32518123885
Brazil,BRA,"Population, total",SP.POP.TOTL,211049527
Brazil,BRA,GDP per capita (current US$),NY.GDP.PCAP.CD,8717.18627810819
British Virgin Islands,VGB,"Population, total",SP.POP.TOTL,30030
British Virgin Islands,VGB,GDP per capita (current US$),NY.GDP.PCAP.CD,..
Brunei Darussalam,BRN,"Population, total",SP.POP.TOTL,433285
Brunei Darussalam,BRN,GDP per capita (current US$),NY.GDP.PCAP.CD,31086.7511188028
Bulgaria,BGR,"Population, total",SP.POP.TOTL,6975761
Bulgaria,BGR,GDP per capita (current US$),NY.GDP.PCAP.CD,9828.14851478139
Burkina Faso,BFA,"Population, total",SP.POP.TOTL,20321378
Burkina Faso,BFA,GDP per capita (current US$),NY.GDP.PCAP.CD,786.895631290168
Burundi,BDI,"Population, total",SP.POP.TOTL,11530580
Burundi,BDI,GDP per capita (current US$),NY.GDP.PCAP.CD,261.247472515742
Cabo Verde,CPV,"Population, total",SP.POP.TOTL,549935
Cabo Verde,CPV,GDP per capita (current US$),NY.GDP.PCAP.CD,3603.78179304514
Cambodia,KHM,"Population, total",SP.POP.TOTL,16486542
Cambodia,KHM,GDP per capita (current US$),NY.GDP.PCAP.CD,1643.12138876539
Cameroon,CMR,"Population, total",SP.POP.TOTL,25876380
Cameroon,CMR,GDP per capita (current US$),NY.GDP.PCAP.CD,1507.45020591288
Canada,CAN,"Population, total",SP.POP.TOTL,37589262
Canada,CAN,GDP per capita (current US$),NY.GDP.PCAP.CD,46194.7252255167
Caribbean small states,CSS,"Population, total",SP.POP.TOTL,7401383
Caribbean small states,CSS,GDP per capita (current US$),NY.GDP.PCAP.CD,10500.9719018527
Cayman Islands,CYM,"Population, total",SP.POP.TOTL,64948
Cayman Islands,CYM,GDP per capita (current US$),NY.GDP.PCAP.CD,..
Central African Republic,CAF,"Population, total",SP.POP.TOTL,4745185
Central African Republic,CAF,GDP per capita (current US$),NY.GDP.PCAP.CD,467.907440636335
Central Europe and the Baltics,CEB,"Population, total",SP.POP.TOTL,102378579
Central Europe and the Baltics,CEB,GDP per capita (current US$),NY.GDP.PCAP.CD,16300.7920722546
Chad,TCD,"Population, total",SP.POP.TOTL,15946876
Chad,TCD,GDP per capita (current US$),NY.GDP.PCAP.CD,709.540310138533
Channel Islands,CHI,"Population, total",SP.POP.TOTL,172259
Channel Islands,CHI,GDP per capita (current US$),NY.GDP.PCAP.CD,..
Chile,CHL,"Population, total",SP.POP.TOTL,18952038
Chile,CHL,GDP per capita (current US$),NY.GDP.PCAP.CD,14896.4538665789
China,CHN,"Population, total",SP.POP.TOTL,1397715000
China,CHN,GDP per capita (current US$),NY.GDP.PCAP.CD,10261.6792453621
Colombia,COL,"Population, total",SP.POP.TOTL,50339443
Colombia,COL,GDP per capita (current US$),NY.GDP.PCAP.CD,6428.67620562768
Comoros,COM,"Population, total",SP.POP.TOTL,850886
Comoros,COM,GDP per capita (current US$),NY.GDP.PCAP.CD,1370.14820676715
"Congo, Dem. Rep.",COD,"Population, total",SP.POP.TOTL,86790567
"Congo, Dem. Rep.",COD,GDP per capita (current US$),NY.GDP.PCAP.CD,580.716867207745
"Congo, Rep.",COG,"Population, total",SP.POP.TOTL,5380508
"Congo, Rep.",COG,GDP per capita (current US$),NY.GDP.PCAP.CD,2279.96913053355
Costa Rica,CRI,"Population, total",SP.POP.TOTL,5047561
Costa Rica,CRI,GDP per capita (current US$),NY.GDP.PCAP.CD,12243.8114267607
Cote d'Ivoire,CIV,"Population, total",SP.POP.TOTL,25716544
Cote d'Ivoire,CIV,GDP per capita (current US$),NY.GDP.PCAP.CD,2276.33327906444
Croatia,HRV,"Population, total",SP.POP.TOTL,4067500
Croatia,HRV,GDP per capita (current US$),NY.GDP.PCAP.CD,14936.100547343
Cuba,CUB,"Population, total",SP.POP.TOTL,11333483
Cuba,CUB,GDP per capita (current US$),NY.GDP.PCAP.CD,..
Curacao,CUW,"Population, total",SP.POP.TOTL,157538
Curacao,CUW,GDP per capita (current US$),NY.GDP.PCAP.CD,19689.13982339
Cyprus,CYP,"Population, total",SP.POP.TOTL,1198575
Cyprus,CYP,GDP per capita (current US$),NY.GDP.PCAP.CD,27858.3709958327
Czech Republic,CZE,"Population, total",SP.POP.TOTL,10669709
Czech Republic,CZE,GDP per capita (current US$),NY.GDP.PCAP.CD,23494.5962002944
Denmark,DNK,"Population, total",SP.POP.TOTL,5818553
Denmark,DNK,GDP per capita (current US$),NY.GDP.PCAP.CD,60170.3426365069
Djibouti,DJI,"Population, total",SP.POP.TOTL,973560
Djibouti,DJI,GDP per capita (current US$),NY.GDP.PCAP.CD,3414.92486968779
Dominica,DMA,"Population, total",SP.POP.TOTL,71808
Dominica,DMA,GDP per capita (current US$),NY.GDP.PCAP.CD,8110.56851191655
Dominican Republic,DOM,"Population, total",SP.POP.TOTL,10738958
Dominican Republic,DOM,GDP per capita (current US$),NY.GDP.PCAP.CD,8282.11635935324
Early-demographic dividend,EAR,"Population, total",SP.POP.TOTL,3290290613
Early-demographic dividend,EAR,GDP per capita (current US$),NY.GDP.PCAP.CD,3644.01459793481
East Asia & Pacific,EAS,"Population, total",SP.POP.TOTL,2340628292
East Asia & Pacific,EAS,GDP per capita (current US$),NY.GDP.PCAP.CD,11530.1381346129
East Asia & Pacific (excluding high income),EAP,"Population, total",SP.POP.TOTL,2093675040
East Asia & Pacific (excluding high income),EAP,GDP per capita (current US$),NY.GDP.PCAP.CD,8222.27687284776
East Asia & Pacific (IDA & IBRD countries),TEA,"Population, total",SP.POP.TOTL,2067984156
East Asia & Pacific (IDA & IBRD countries),TEA,GDP per capita (current US$),NY.GDP.PCAP.CD,8308.52290628931
Ecuador,ECU,"Population, total",SP.POP.TOTL,17373662
Ecuador,ECU,GDP per capita (current US$),NY.GDP.PCAP.CD,6183.82382482173
"Egypt, Arab Rep.",EGY,"Population, total",SP.POP.TOTL,100388073
"Egypt, Arab Rep.",EGY,GDP per capita (current US$),NY.GDP.PCAP.CD,3019.20582861756
El Salvador,SLV,"Population, total",SP.POP.TOTL,6453553
El Salvador,SLV,GDP per capita (current US$),NY.GDP.PCAP.CD,4187.2500311069
Equatorial Guinea,GNQ,"Population, total",SP.POP.TOTL,1355986
Equatorial Guinea,GNQ,GDP per capita (current US$),NY.GDP.PCAP.CD,8131.92388810912
Eritrea,ERI,"Population, total",SP.POP.TOTL,..
Eritrea,ERI,GDP per capita (current US$),NY.GDP.PCAP.CD,..
Estonia,EST,"Population, total",SP.POP.TOTL,1326590
Estonia,EST,GDP per capita (current US$),NY.GDP.PCAP.CD,23723.306112848
Eswatini,SWZ,"Population, total",SP.POP.TOTL,1148130
Eswatini,SWZ,GDP per capita (current US$),NY.GDP.PCAP.CD,3894.67980685427
Ethiopia,ETH,"Population, total",SP.POP.TOTL,112078730
Ethiopia,ETH,GDP per capita (current US$),NY.GDP.PCAP.CD,855.760862280838
Euro area,EMU,"Population, total",SP.POP.TOTL,342597698
Euro area,EMU,GDP per capita (current US$),NY.GDP.PCAP.CD,38984.6859895145
Europe & Central Asia,ECS,"Population, total",SP.POP.TOTL,921140092
Europe & Central Asia,ECS,GDP per capita (current US$),NY.GDP.PCAP.CD,24744.1402883946
Europe & Central Asia (excluding high income),ECA,"Population, total",SP.POP.TOTL,399404587
Europe & Central Asia (excluding high income),ECA,GDP per capita (current US$),NY.GDP.PCAP.CD,8133.26084670603
Europe & Central Asia (IDA & IBRD countries),TEC,"Population, total",SP.POP.TOTL,460799505
Europe & Central Asia (IDA & IBRD countries),TEC,GDP per capita (current US$),NY.GDP.PCAP.CD,9017.27828722879
European Union,EUU,"Population, total",SP.POP.TOTL,447512041
European Union,EUU,GDP per capita (current US$),NY.GDP.PCAP.CD,34918.4983749707
Faroe Islands,FRO,"Population, total",SP.POP.TOTL,48678
Faroe Islands,FRO,GDP per capita (current US$),NY.GDP.PCAP.CD,..
Fiji,FJI,"Population, total",SP.POP.TOTL,889953
Fiji,FJI,GDP per capita (current US$),NY.GDP.PCAP.CD,6175.88872032104
Finland,FIN,"Population, total",SP.POP.TOTL,5520314
Finland,FIN,GDP per capita (current US$),NY.GDP.PCAP.CD,48782.7884755091
Fragile and conflict affected situations,FCS,"Population, total",SP.POP.TOTL,798138587
Fragile and conflict affected situations,FCS,GDP per capita (current US$),NY.GDP.PCAP.CD,2228.25524462277
France,FRA,"Population, total",SP.POP.TOTL,67059887
France,FRA,GDP per capita (current US$),NY.GDP.PCAP.CD,40493.9285720456
French Polynesia,PYF,"Population, total",SP.POP.TOTL,279287
French Polynesia,PYF,GDP per capita (current US$),NY.GDP.PCAP.CD,..
Gabon,GAB,"Population, total",SP.POP.TOTL,2172579
Gabon,GAB,GDP per capita (current US$),NY.GDP.PCAP.CD,7767.01340440788
"Gambia, The",GMB,"Population, total",SP.POP.TOTL,2347706
"Gambia, The",GMB,GDP per capita (current US$),NY.GDP.PCAP.CD,777.811932084008
Georgia,GEO,"Population, total",SP.POP.TOTL,3720382
Georgia,GEO,GDP per capita (current US$),NY.GDP.PCAP.CD,4697.7045759469
Germany,DEU,"Population, total",SP.POP.TOTL,83132799
Germany,DEU,GDP per capita (current US$),NY.GDP.PCAP.CD,46445.2491012508
Ghana,GHA,"Population, total",SP.POP.TOTL,30417856
Ghana,GHA,GDP per capita (current US$),NY.GDP.PCAP.CD,2202.11556738065
Gibraltar,GIB,"Population, total",SP.POP.TOTL,33701
Gibraltar,GIB,GDP per capita (current US$),NY.GDP.PCAP.CD,..
Greece,GRC,"Population, total",SP.POP.TOTL,10716322
Greece,GRC,GDP per capita (current US$),NY.GDP.PCAP.CD,19582.5359794936
Greenland,GRL,"Population, total",SP.POP.TOTL,56225
Greenland,GRL,GDP per capita (current US$),NY.GDP.PCAP.CD,..
Grenada,GRD,"Population, total",SP.POP.TOTL,112003
Grenada,GRD,GDP per capita (current US$),NY.GDP.PCAP.CD,10808.6721222084
Guam,GUM,"Population, total",SP.POP.TOTL,167294
Guam,GUM,GDP per capita (current US$),NY.GDP.PCAP.CD,..
Guatemala,GTM,"Population, total",SP.POP.TOTL,16604026
Guatemala,GTM,GDP per capita (current US$),NY.GDP.PCAP.CD,4619.98525821971
Guinea,GIN,"Population, total",SP.POP.TOTL,12771246
Guinea,GIN,GDP per capita (current US$),NY.GDP.PCAP.CD,962.839908587778
Guinea-Bissau,GNB,"Population, total",SP.POP.TOTL,1920922
Guinea-Bissau,GNB,GDP per capita (current US$),NY.GDP.PCAP.CD,697.294926856786
Guyana,GUY,"Population, total",SP.POP.TOTL,782766
Guyana,GUY,GDP per capita (current US$),NY.GDP.PCAP.CD,6609.58642503371
Haiti,HTI,"Population, total",SP.POP.TOTL,11263077
Haiti,HTI,GDP per capita (current US$),NY.GDP.PCAP.CD,1272.4909246734
Heavily indebted poor countries (HIPC),HPC,"Population, total",SP.POP.TOTL,801708035
Heavily indebted poor countries (HIPC),HPC,GDP per capita (current US$),NY.GDP.PCAP.CD,976.741808708115
High income,HIC,"Population, total",SP.POP.TOTL,1235852838
High income,HIC,GDP per capita (current US$),NY.GDP.PCAP.CD,44617.4765305399
Honduras,HND,"Population, total",SP.POP.TOTL,9746117
Honduras,HND,GDP per capita (current US$),NY.GDP.PCAP.CD,2574.91219067443
"Hong Kong SAR, China",HKG,"Population, total",SP.POP.TOTL,7507400
"Hong Kong SAR, China",HKG,GDP per capita (current US$),NY.GDP.PCAP.CD,48713.4737481561
Hungary,HUN,"Population, total",SP.POP.TOTL,9769949
Hungary,HUN,GDP per capita (current US$),NY.GDP.PCAP.CD,16731.8215139051
IBRD only,IBD,"Population, total",SP.POP.TOTL,4816235953
IBRD only,IBD,GDP per capita (current US$),NY.GDP.PCAP.CD,6561.99428659455
Iceland,ISL,"Population, total",SP.POP.TOTL,361313
Iceland,ISL,GDP per capita (current US$),NY.GDP.PCAP.CD,66944.8330769825
IDA & IBRD total,IBT,"Population, total",SP.POP.TOTL,6486934853
IDA & IBRD total,IBT,GDP per capita (current US$),NY.GDP.PCAP.CD,5228.54414234075
IDA blend,IDB,"Population, total",SP.POP.TOTL,561572202
IDA blend,IDB,GDP per capita (current US$),NY.GDP.PCAP.CD,1765.6634650645
IDA only,IDX,"Population, total",SP.POP.TOTL,1109126698
IDA only,IDX,GDP per capita (current US$),NY.GDP.PCAP.CD,1200.91860733875
IDA total,IDA,"Population, total",SP.POP.TOTL,1670698900
IDA total,IDA,GDP per capita (current US$),NY.GDP.PCAP.CD,1388.82814141165
India,IND,"Population, total",SP.POP.TOTL,1366417754
India,IND,GDP per capita (current US$),NY.GDP.PCAP.CD,2099.59904810855
Indonesia,IDN,"Population, total",SP.POP.TOTL,270625568
Indonesia,IDN,GDP per capita (current US$),NY.GDP.PCAP.CD,4135.56926281554
"Iran, Islamic Rep.",IRN,"Population, total",SP.POP.TOTL,82913906
"Iran, Islamic Rep.",IRN,GDP per capita (current US$),NY.GDP.PCAP.CD,..
Iraq,IRQ,"Population, total",SP.POP.TOTL,39309783
Iraq,IRQ,GDP per capita (current US$),NY.GDP.PCAP.CD,5955.10901036816
Ireland,IRL,"Population, total",SP.POP.TOTL,4941444
Ireland,IRL,GDP per capita (current US$),NY.GDP.PCAP.CD,78660.9564629603
Isle of Man,IMN,"Population, total",SP.POP.TOTL,84584
Isle of Man,IMN,GDP per capita (current US$),NY.GDP.PCAP.CD,..
Israel,ISR,"Population, total",SP.POP.TOTL,9053300
Israel,ISR,GDP per capita (current US$),NY.GDP.PCAP.CD,43592.0835823234
Italy,ITA,"Population, total",SP.POP.TOTL,60297396
Italy,ITA,GDP per capita (current US$),NY.GDP.PCAP.CD,33228.2366803707
Jamaica,JAM,"Population, total",SP.POP.TOTL,2948279
Jamaica,JAM,GDP per capita (current US$),NY.GDP.PCAP.CD,5582.26377755211
Japan,JPN,"Population, total",SP.POP.TOTL,126264931
Japan,JPN,GDP per capita (current US$),NY.GDP.PCAP.CD,40246.8801284164
Jordan,JOR,"Population, total",SP.POP.TOTL,10101694
Jordan,JOR,GDP per capita (current US$),NY.GDP.PCAP.CD,4405.48841230824
Kazakhstan,KAZ,"Population, total",SP.POP.TOTL,18513930
Kazakhstan,KAZ,GDP per capita (current US$),NY.GDP.PCAP.CD,9812.39037613835
Kenya,KEN,"Population, total",SP.POP.TOTL,52573973
Kenya,KEN,GDP per capita (current US$),NY.GDP.PCAP.CD,1816.5469164389
Kiribati,KIR,"Population, total",SP.POP.TOTL,117606
Kiribati,KIR,GDP per capita (current US$),NY.GDP.PCAP.CD,1655.07883905984
"Korea, Dem. People’s Rep.",PRK,"Population, total",SP.POP.TOTL,25666161
"Korea, Dem. People’s Rep.",PRK,GDP per capita (current US$),NY.GDP.PCAP.CD,..
"Korea, Rep.",KOR,"Population, total",SP.POP.TOTL,51709098
"Korea, Rep.",KOR,GDP per capita (current US$),NY.GDP.PCAP.CD,31846.2182324258
Kosovo,XKX,"Population, total",SP.POP.TOTL,1794248
Kosovo,XKX,GDP per capita (current US$),NY.GDP.PCAP.CD,4417.5240622333
Kuwait,KWT,"Population, total",SP.POP.TOTL,4207083
Kuwait,KWT,GDP per capita (current US$),NY.GDP.PCAP.CD,32000.4484691578
Kyrgyz Republic,KGZ,"Population, total",SP.POP.TOTL,6456900
Kyrgyz Republic,KGZ,GDP per capita (current US$),NY.GDP.PCAP.CD,1309.39299165512
Lao PDR,LAO,"Population, total",SP.POP.TOTL,7169455
Lao PDR,LAO,GDP per capita (current US$),NY.GDP.PCAP.CD,2534.89827991125
Late-demographic dividend,LTE,"Population, total",SP.POP.TOTL,2298470832
Late-demographic dividend,LTE,GDP per capita (current US$),NY.GDP.PCAP.CD,9999.48841965925
Latin America & Caribbean,LCN,"Population, total",SP.POP.TOTL,646430843
Latin America & Caribbean,LCN,GDP per capita (current US$),NY.GDP.PCAP.CD,8869.89481433387
Latin America & Caribbean (excluding high income),LAC,"Population, total",SP.POP.TOTL,613773119
Latin America & Caribbean (excluding high income),LAC,GDP per capita (current US$),NY.GDP.PCAP.CD,8390.06292074218
Latin America & the Caribbean (IDA & IBRD countries),TLA,"Population, total",SP.POP.TOTL,630644772
Latin America & the Caribbean (IDA & IBRD countries),TLA,GDP per capita (current US$),NY.GDP.PCAP.CD,8702.13746386907
Latvia,LVA,"Population, total",SP.POP.TOTL,1912789
Latvia,LVA,GDP per capita (current US$),NY.GDP.PCAP.CD,17828.8946571856
Least developed countries: UN classification,LDC,"Population, total",SP.POP.TOTL,1033388876
Least developed countries: UN classification,LDC,GDP per capita (current US$),NY.GDP.PCAP.CD,1079.20461356443
Lebanon,LBN,"Population, total",SP.POP.TOTL,6855713
Lebanon,LBN,GDP per capita (current US$),NY.GDP.PCAP.CD,7583.69472170648
Lesotho,LSO,"Population, total",SP.POP.TOTL,2125268
Lesotho,LSO,GDP per capita (current US$),NY.GDP.PCAP.CD,1118.13128380194
Liberia,LBR,"Population, total",SP.POP.TOTL,4937374
Liberia,LBR,GDP per capita (current US$),NY.GDP.PCAP.CD,621.892953622715
Libya,LBY,"Population, total",SP.POP.TOTL,6777452
Libya,LBY,GDP per capita (current US$),NY.GDP.PCAP.CD,7685.94926653003
Liechtenstein,LIE,"Population, total",SP.POP.TOTL,38019
Liechtenstein,LIE,GDP per capita (current US$),NY.GDP.PCAP.CD,..
Lithuania,LTU,"Population, total",SP.POP.TOTL,2786844
Lithuania,LTU,GDP per capita (current US$),NY.GDP.PCAP.CD,19601.8908343885
Low & middle income,LMY,"Population, total",SP.POP.TOTL,6437681136
Low & middle income,LMY,GDP per capita (current US$),NY.GDP.PCAP.CD,5080.87769439704
Low income,LIC,"Population, total",SP.POP.TOTL,668454965
Low income,LIC,GDP per capita (current US$),NY.GDP.PCAP.CD,810.094853446519
Lower middle income,LMC,"Population, total",SP.POP.TOTL,2913363391
Lower middle income,LMC,GDP per capita (current US$),NY.GDP.PCAP.CD,2174.43979701111
Luxembourg,LUX,"Population, total",SP.POP.TOTL,619896
Luxembourg,LUX,GDP per capita (current US$),NY.GDP.PCAP.CD,114704.594170863
"Macao SAR, China",MAC,"Population, total",SP.POP.TOTL,640445
"Macao SAR, China",MAC,GDP per capita (current US$),NY.GDP.PCAP.CD,84096.3963112065
Madagascar,MDG,"Population, total",SP.POP.TOTL,26969307
Madagascar,MDG,GDP per capita (current US$),NY.GDP.PCAP.CD,523.359064460847
Malawi,MWI,"Population, total",SP.POP.TOTL,18628747
Malawi,MWI,GDP per capita (current US$),NY.GDP.PCAP.CD,411.552340423602
Malaysia,MYS,"Population, total",SP.POP.TOTL,31949777
Malaysia,MYS,GDP per capita (current US$),NY.GDP.PCAP.CD,11414.2069765208
Maldives,MDV,"Population, total",SP.POP.TOTL,530953
Maldives,MDV,GDP per capita (current US$),NY.GDP.PCAP.CD,10626.513402239
Mali,MLI,"Population, total",SP.POP.TOTL,19658031
Mali,MLI,GDP per capita (current US$),NY.GDP.PCAP.CD,879.008010446655
Malta,MLT,"Population, total",SP.POP.TOTL,502653
Malta,MLT,GDP per capita (current US$),NY.GDP.PCAP.CD,29820.6032474099
Marshall Islands,MHL,"Population, total",SP.POP.TOTL,58791
Marshall Islands,MHL,GDP per capita (current US$),NY.GDP.PCAP.CD,..
Mauritania,MRT,"Population, total",SP.POP.TOTL,4525696
Mauritania,MRT,GDP per capita (current US$),NY.GDP.PCAP.CD,1679.44487300408
Mauritius,MUS,"Population, total",SP.POP.TOTL,1265711
Mauritius,MUS,GDP per capita (current US$),NY.GDP.PCAP.CD,11099.2402835688
Mexico,MEX,"Population, total",SP.POP.TOTL,127575529
Mexico,MEX,GDP per capita (current US$),NY.GDP.PCAP.CD,9946.03382879198
"Micronesia, Fed. Sts.",FSM,"Population, total",SP.POP.TOTL,113815
"Micronesia, Fed. Sts.",FSM,GDP per capita (current US$),NY.GDP.PCAP.CD,..
Middle East & North Africa,MEA,"Population, total",SP.POP.TOTL,456707404
Middle East & North Africa,MEA,GDP per capita (current US$),NY.GDP.PCAP.CD,7991.12900461804
Middle East & North Africa (excluding high income),MNA,"Population, total",SP.POP.TOTL,389457086
Middle East & North Africa (excluding high income),MNA,GDP per capita (current US$),NY.GDP.PCAP.CD,..
Middle East & North Africa (IDA & IBRD countries),TMN,"Population, total",SP.POP.TOTL,384771780
Middle East & North Africa (IDA & IBRD countries),TMN,GDP per capita (current US$),NY.GDP.PCAP.CD,..
Middle income,MIC,"Population, total",SP.POP.TOTL,5769226171
Middle income,MIC,GDP per capita (current US$),NY.GDP.PCAP.CD,5573.24410720134
Moldova,MDA,"Population, total",SP.POP.TOTL,2657637
Moldova,MDA,GDP per capita (current US$),NY.GDP.PCAP.CD,4503.51698538847
Monaco,MCO,"Population, total",SP.POP.TOTL,38964
Monaco,MCO,GDP per capita (current US$),NY.GDP.PCAP.CD,..
Mongolia,MNG,"Population, total",SP.POP.TOTL,3225167
Mongolia,MNG,GDP per capita (current US$),NY.GDP.PCAP.CD,4339.84327925027
Montenegro,MNE,"Population, total",SP.POP.TOTL,622137
Montenegro,MNE,GDP per capita (current US$),NY.GDP.PCAP.CD,8908.93479246767
Morocco,MAR,"Population, total",SP.POP.TOTL,36471769
Morocco,MAR,GDP per capita (current US$),NY.GDP.PCAP.CD,3204.09500313298
Mozambique,MOZ,"Population, total",SP.POP.TOTL,30366036
Mozambique,MOZ,GDP per capita (current US$),NY.GDP.PCAP.CD,503.570772675202
Myanmar,MMR,"Population, total",SP.POP.TOTL,54045420
Myanmar,MMR,GDP per capita (current US$),NY.GDP.PCAP.CD,1407.81314341043
Namibia,NAM,"Population, total",SP.POP.TOTL,2494530
Namibia,NAM,GDP per capita (current US$),NY.GDP.PCAP.CD,4957.45822226408
Nauru,NRU,"Population, total",SP.POP.TOTL,12581
Nauru,NRU,GDP per capita (current US$),NY.GDP.PCAP.CD,9396.98196681072
Nepal,NPL,"Population, total",SP.POP.TOTL,28608710
Nepal,NPL,GDP per capita (current US$),NY.GDP.PCAP.CD,1071.05076055404
Netherlands,NLD,"Population, total",SP.POP.TOTL,17332850
Netherlands,NLD,GDP per capita (current US$),NY.GDP.PCAP.CD,52331.3167277797
New Caledonia,NCL,"Population, total",SP.POP.TOTL,287800
New Caledonia,NCL,GDP per capita (current US$),NY.GDP.PCAP.CD,..
New Zealand,NZL,"Population, total",SP.POP.TOTL,4917000
New Zealand,NZL,GDP per capita (current US$),NY.GDP.PCAP.CD,42084.3533748088
Nicaragua,NIC,"Population, total",SP.POP.TOTL,6545502
Nicaragua,NIC,GDP per capita (current US$),NY.GDP.PCAP.CD,1912.90374537869
Niger,NER,"Population, total",SP.POP.TOTL,23310715
Niger,NER,GDP per capita (current US$),NY.GDP.PCAP.CD,553.89505038138
Nigeria,NGA,"Population, total",SP.POP.TOTL,200963599
Nigeria,NGA,GDP per capita (current US$),NY.GDP.PCAP.CD,2229.85869624463
North America,NAC,"Population, total",SP.POP.TOTL,365892703
North America,NAC,GDP per capita (current US$),NY.GDP.PCAP.CD,63344.0775191408
North Macedonia,MKD,"Population, total",SP.POP.TOTL,2083459
North Macedonia,MKD,GDP per capita (current US$),NY.GDP.PCAP.CD,6022.21617939574
Northern Mariana Islands,MNP,"Population, total",SP.POP.TOTL,57216
Northern Mariana Islands,MNP,GDP per capita (current US$),NY.GDP.PCAP.CD,..
Norway,NOR,"Population, total",SP.POP.TOTL,5347896
Norway,NOR,GDP per capita (current US$),NY.GDP.PCAP.CD,75419.6348688089
Not classified,INX,"Population, total",SP.POP.TOTL,..
Not classified,INX,GDP per capita (current US$),NY.GDP.PCAP.CD,..
OECD members,OED,"Population, total",SP.POP.TOTL,1359963500
OECD members,OED,GDP per capita (current US$),NY.GDP.PCAP.CD,39485.8942032928
Oman,OMN,"Population, total",SP.POP.TOTL,4974986
Oman,OMN,GDP per capita (current US$),NY.GDP.PCAP.CD,15343.0620043106
Other small states,OSS,"Population, total",SP.POP.TOTL,31360407
Other small states,OSS,GDP per capita (current US$),NY.GDP.PCAP.CD,13778.2935135186
Pacific island small states,PSS,"Population, total",SP.POP.TOTL,2493696
Pacific island small states,PSS,GDP per capita (current US$),NY.GDP.PCAP.CD,4264.66741440106
Pakistan,PAK,"Population, total",SP.POP.TOTL,216565318
Pakistan,PAK,GDP per capita (current US$),NY.GDP.PCAP.CD,1284.70204090039
Palau,PLW,"Population, total",SP.POP.TOTL,18008
Palau,PLW,GDP per capita (current US$),NY.GDP.PCAP.CD,14901.9835314079
Panama,PAN,"Population, total",SP.POP.TOTL,4246439
Panama,PAN,GDP per capita (current US$),NY.GDP.PCAP.CD,15731.0160348471
Papua New Guinea,PNG,"Population, total",SP.POP.TOTL,8776109
Papua New Guinea,PNG,GDP per capita (current US$),NY.GDP.PCAP.CD,2829.17030896837
Paraguay,PRY,"Population, total",SP.POP.TOTL,7044636
Paraguay,PRY,GDP per capita (current US$),NY.GDP.PCAP.CD,5414.79913793258
Peru,PER,"Population, total",SP.POP.TOTL,32510453
Peru,PER,GDP per capita (current US$),NY.GDP.PCAP.CD,6977.69578355382
Philippines,PHL,"Population, total",SP.POP.TOTL,108116615
Philippines,PHL,GDP per capita (current US$),NY.GDP.PCAP.CD,3485.08421835861
Poland,POL,"Population, total",SP.POP.TOTL,37970874
Poland,POL,GDP per capita (current US$),NY.GDP.PCAP.CD,15692.5070255563
Portugal,PRT,"Population, total",SP.POP.TOTL,10269417
Portugal,PRT,GDP per capita (current US$),NY.GDP.PCAP.CD,23252.0585181211
Post-demographic dividend,PST,"Population, total",SP.POP.TOTL,1112914457
Post-demographic dividend,PST,GDP per capita (current US$),NY.GDP.PCAP.CD,45618.8861568374
Pre-demographic dividend,PRE,"Population, total",SP.POP.TOTL,944902749
Pre-demographic dividend,PRE,GDP per capita (current US$),NY.GDP.PCAP.CD,1485.64958462252
Puerto Rico,PRI,"Population, total",SP.POP.TOTL,3193694
Puerto Rico,PRI,GDP per capita (current US$),NY.GDP.PCAP.CD,32873.7192730424
Qatar,QAT,"Population, total",SP.POP.TOTL,2832067
Qatar,QAT,GDP per capita (current US$),NY.GDP.PCAP.CD,62088.0618276987
Romania,ROU,"Population, total",SP.POP.TOTL,19356544
Romania,ROU,GDP per capita (current US$),NY.GDP.PCAP.CD,12919.5296441908
Russian Federation,RUS,"Population, total",SP.POP.TOTL,144373535
Russian Federation,RUS,GDP per capita (current US$),NY.GDP.PCAP.CD,11584.9953826104
Rwanda,RWA,"Population, total",SP.POP.TOTL,12626950
Rwanda,RWA,GDP per capita (current US$),NY.GDP.PCAP.CD,820.025241658159
Samoa,WSM,"Population, total",SP.POP.TOTL,197097
Samoa,WSM,GDP per capita (current US$),NY.GDP.PCAP.CD,4324.01401840457
San Marino,SMR,"Population, total",SP.POP.TOTL,33860
San Marino,SMR,GDP per capita (current US$),NY.GDP.PCAP.CD,..
Sao Tome and Principe,STP,"Population, total",SP.POP.TOTL,215056
Sao Tome and Principe,STP,GDP per capita (current US$),NY.GDP.PCAP.CD,1946.64361370086
Saudi Arabia,SAU,"Population, total",SP.POP.TOTL,34268528
Saudi Arabia,SAU,GDP per capita (current US$),NY.GDP.PCAP.CD,23139.7986561214
Senegal,SEN,"Population, total",SP.POP.TOTL,16296364
Senegal,SEN,GDP per capita (current US$),NY.GDP.PCAP.CD,1446.83096499408
Serbia,SRB,"Population, total",SP.POP.TOTL,6944975
Serbia,SRB,GDP per capita (current US$),NY.GDP.PCAP.CD,7411.83611634734
Seychelles,SYC,"Population, total",SP.POP.TOTL,97625
Seychelles,SYC,GDP per capita (current US$),NY.GDP.PCAP.CD,17448.2702926831
Sierra Leone,SLE,"Population, total",SP.POP.TOTL,7813215
Sierra Leone,SLE,GDP per capita (current US$),NY.GDP.PCAP.CD,527.533634399111
Singapore,SGP,"Population, total",SP.POP.TOTL,5703569
Singapore,SGP,GDP per capita (current US$),NY.GDP.PCAP.CD,65233.2824392302
Sint Maarten (Dutch part),SXM,"Population, total",SP.POP.TOTL,40733
Sint Maarten (Dutch part),SXM,GDP per capita (current US$),NY.GDP.PCAP.CD,..
Slovak Republic,SVK,"Population, total",SP.POP.TOTL,5454073
Slovak Republic,SVK,GDP per capita (current US$),NY.GDP.PCAP.CD,19266.2754990139
Slovenia,SVN,"Population, total",SP.POP.TOTL,2087946
Slovenia,SVN,GDP per capita (current US$),NY.GDP.PCAP.CD,25946.1821852127
Small states,SST,"Population, total",SP.POP.TOTL,41255486
Small states,SST,GDP per capita (current US$),NY.GDP.PCAP.CD,12615.4658503025
Solomon Islands,SLB,"Population, total",SP.POP.TOTL,669823
Solomon Islands,SLB,GDP per capita (current US$),NY.GDP.PCAP.CD,2373.63247042576
Somalia,SOM,"Population, total",SP.POP.TOTL,15442905
Somalia,SOM,GDP per capita (current US$),NY.GDP.PCAP.CD,..
South Africa,ZAF,"Population, total",SP.POP.TOTL,58558270
South Africa,ZAF,GDP per capita (current US$),NY.GDP.PCAP.CD,6001.40081394888
South Asia,SAS,"Population, total",SP.POP.TOTL,1835776742
South Asia,SAS,GDP per capita (current US$),NY.GDP.PCAP.CD,1956.57592140193
South Asia (IDA & IBRD),TSA,"Population, total",SP.POP.TOTL,1835776742
South Asia (IDA & IBRD),TSA,GDP per capita (current US$),NY.GDP.PCAP.CD,1956.57592140193
South Sudan,SSD,"Population, total",SP.POP.TOTL,11062113
South Sudan,SSD,GDP per capita (current US$),NY.GDP.PCAP.CD,..
Spain,ESP,"Population, total",SP.POP.TOTL,47076781
Spain,ESP,GDP per capita (current US$),NY.GDP.PCAP.CD,29600.3782526602
Sri Lanka,LKA,"Population, total",SP.POP.TOTL,21803000
Sri Lanka,LKA,GDP per capita (current US$),NY.GDP.PCAP.CD,3853.08369288942
St. Kitts and Nevis,KNA,"Population, total",SP.POP.TOTL,52834
St. Kitts and Nevis,KNA,GDP per capita (current US$),NY.GDP.PCAP.CD,19934.9745323929
St. Lucia,LCA,"Population, total",SP.POP.TOTL,182790
St. Lucia,LCA,GDP per capita (current US$),NY.GDP.PCAP.CD,11611.4154473966
St. Martin (French part),MAF,"Population, total",SP.POP.TOTL,38002
St. Martin (French part),MAF,GDP per capita (current US$),NY.GDP.PCAP.CD,..
St. Vincent and the Grenadines,VCT,"Population, total",SP.POP.TOTL,110589
St. Vincent and the Grenadines,VCT,GDP per capita (current US$),NY.GDP.PCAP.CD,7457.50950382514
Sub-Saharan Africa,SSF,"Population, total",SP.POP.TOTL,1106957898
Sub-Saharan Africa,SSF,GDP per capita (current US$),NY.GDP.PCAP.CD,1596.21373429876
Sub-Saharan Africa (excluding high income),SSA,"Population, total",SP.POP.TOTL,1105594562
Sub-Saharan Africa (excluding high income),SSA,GDP per capita (current US$),NY.GDP.PCAP.CD,1583.92606462045
Sub-Saharan Africa (IDA & IBRD countries),TSS,"Population, total",SP.POP.TOTL,1106957898
Sub-Saharan Africa (IDA & IBRD countries),TSS,GDP per capita (current US$),NY.GDP.PCAP.CD,1596.21373429876
Sudan,SDN,"Population, total",SP.POP.TOTL,42813238
Sudan,SDN,GDP per capita (current US$),NY.GDP.PCAP.CD,441.505603374484
Suriname,SUR,"Population, total",SP.POP.TOTL,581363
Suriname,SUR,GDP per capita (current US$),NY.GDP.PCAP.CD,6359.83361442737
Sweden,SWE,"Population, total",SP.POP.TOTL,10285453
Sweden,SWE,GDP per capita (current US$),NY.GDP.PCAP.CD,51615.0206514946
Switzerland,CHE,"Population, total",SP.POP.TOTL,8574832
Switzerland,CHE,GDP per capita (current US$),NY.GDP.PCAP.CD,81993.72712595
Syrian Arab Republic,SYR,"Population, total",SP.POP.TOTL,17070135
Syrian Arab Republic,SYR,GDP per capita (current US$),NY.GDP.PCAP.CD,..
Tajikistan,TJK,"Population, total",SP.POP.TOTL,9321018
Tajikistan,TJK,GDP per capita (current US$),NY.GDP.PCAP.CD,870.787589323223
Tanzania,TZA,"Population, total",SP.POP.TOTL,58005463
Tanzania,TZA,GDP per capita (current US$),NY.GDP.PCAP.CD,1122.12181047515
Thailand,THA,"Population, total",SP.POP.TOTL,69625582
Thailand,THA,GDP per capita (current US$),NY.GDP.PCAP.CD,7806.74221105532
Timor-Leste,TLS,"Population, total",SP.POP.TOTL,1293119
Timor-Leste,TLS,GDP per capita (current US$),NY.GDP.PCAP.CD,1560.50982160188
Togo,TGO,"Population, total",SP.POP.TOTL,8082366
Togo,TGO,GDP per capita (current US$),NY.GDP.PCAP.CD,679.290249091295
Tonga,TON,"Population, total",SP.POP.TOTL,104494
Tonga,TON,GDP per capita (current US$),NY.GDP.PCAP.CD,4903.15290276599
Trinidad and Tobago,TTO,"Population, total",SP.POP.TOTL,1394973
Trinidad and Tobago,TTO,GDP per capita (current US$),NY.GDP.PCAP.CD,17397.9817601543
Tunisia,TUN,"Population, total",SP.POP.TOTL,11694719
Tunisia,TUN,GDP per capita (current US$),NY.GDP.PCAP.CD,3317.4535932122
Turkey,TUR,"Population, total",SP.POP.TOTL,83429615
Turkey,TUR,GDP per capita (current US$),NY.GDP.PCAP.CD,9126.56134585014
Turkmenistan,TKM,"Population, total",SP.POP.TOTL,5942089
Turkmenistan,TKM,GDP per capita (current US$),NY.GDP.PCAP.CD,..
Turks and Caicos Islands,TCA,"Population, total",SP.POP.TOTL,38191
Turks and Caicos Islands,TCA,GDP per capita (current US$),NY.GDP.PCAP.CD,31353.3293184258
Tuvalu,TUV,"Population, total",SP.POP.TOTL,11646
Tuvalu,TUV,GDP per capita (current US$),NY.GDP.PCAP.CD,4059.02999569444
Uganda,UGA,"Population, total",SP.POP.TOTL,44269594
Uganda,UGA,GDP per capita (current US$),NY.GDP.PCAP.CD,794.341077917102
Ukraine,UKR,"Population, total",SP.POP.TOTL,44385155
Ukraine,UKR,GDP per capita (current US$),NY.GDP.PCAP.CD,3659.03131229487
United Arab Emirates,ARE,"Population, total",SP.POP.TOTL,9770529
United Arab Emirates,ARE,GDP per capita (current US$),NY.GDP.PCAP.CD,43103.3230583165
United Kingdom,GBR,"Population, total",SP.POP.TOTL,66834405
United Kingdom,GBR,GDP per capita (current US$),NY.GDP.PCAP.CD,42330.117537005
United States,USA,"Population, total",SP.POP.TOTL,328239523
United States,USA,GDP per capita (current US$),NY.GDP.PCAP.CD,65297.517508274
Upper middle income,UMC,"Population, total",SP.POP.TOTL,2855862780
Upper middle income,UMC,GDP per capita (current US$),NY.GDP.PCAP.CD,9036.76525522061
Uruguay,URY,"Population, total",SP.POP.TOTL,3461734
Uruguay,URY,GDP per capita (current US$),NY.GDP.PCAP.CD,16190.126957465
Uzbekistan,UZB,"Population, total",SP.POP.TOTL,33580650
Uzbekistan,UZB,GDP per capita (current US$),NY.GDP.PCAP.CD,1724.8411344137
Vanuatu,VUT,"Population, total",SP.POP.TOTL,299882
Vanuatu,VUT,GDP per capita (current US$),NY.GDP.PCAP.CD,3115.35862043261
"Venezuela, RB",VEN,"Population, total",SP.POP.TOTL,28515829
"Venezuela, RB",VEN,GDP per capita (current US$),NY.GDP.PCAP.CD,..
Vietnam,VNM,"Population, total",SP.POP.TOTL,96462106
Vietnam,VNM,GDP per capita (current US$),NY.GDP.PCAP.CD,2715.27603640721
Virgin Islands (U.S.),VIR,"Population, total",SP.POP.TOTL,106631
Virgin Islands (U.S.),VIR,GDP per capita (current US$),NY.GDP.PCAP.CD,..
West Bank and Gaza,PSE,"Population, total",SP.POP.TOTL,4685306
West Bank and Gaza,PSE,GDP per capita (current US$),NY.GDP.PCAP.CD,..
World,WLD,"Population, total",SP.POP.TOTL,7673533974
World,WLD,GDP per capita (current US$),NY.GDP.PCAP.CD,11441.7328647669
"Yemen, Rep.",YEM,"Population, total",SP.POP.TOTL,29161922
"Yemen, Rep.",YEM,GDP per capita (current US$),NY.GDP.PCAP.CD,774.334489816721
Zambia,ZMB,"Population, total",SP.POP.TOTL,17861030
Zambia,ZMB,GDP per capita (current US$),NY.GDP.PCAP.CD,1305.06325350544
Zimbabwe,ZWE,"Population, total",SP.POP.TOTL,14645468
Zimbabwe,ZWE,GDP per capita (current US$),NY.GDP.PCAP.CD,1463.98591018054
,,,,
,,,,
,,,,
Data from database: World Development Indicators,,,,
Last Updated: 12/16/2020,,,,
